project	last_updated	barcode	unique_id	genotype	type	plot	rep	treatment	harvest.date	location	lma_gm2	d13c_per_il	d15n_per_mil	cent_n	cent_c	sla_m2g
cousins_2017_field	2019-01-17T14:11:28.005801Z	CC0610LE3LSI081617	CC0610L_E3_17	E3	Energy	10	6	Low N	8/16/17	Central City NE	82.40432432	-12.53	6.06	1.044501456	18.80732895	0.012135285
cousins_2017_field	2019-01-17T14:11:28.005801Z	CC0617LS6LSI081617	CC0617L_S6_17	S6	Sweet	17	6	Low N	8/16/17	Central City NE	118.4915724	-12.43	5.25	1.196430209	19.07168494	0.008439419
cousins_2017_field	2019-01-17T14:11:28.005801Z	CC0618LS3LSI081617	CC0618L_S3_17	S3	Sweet	18	6	Low N	8/16/17	Central City NE	114.7160542	-12.7	5.06	1.062348078	18.09652433	0.008717176
cousins_2017_field	2019-01-17T14:11:28.005801Z	CC0620LE6LSI081617	CC0620L_E6_17	E6	Energy	20	6	Low N	8/16/17	Central City NE	66.81082866	-11.99	3.57	1.134507198	14.6060934	0.014967634
cousins_2017_field	2019-01-17T14:11:28.005801Z	CC0622LS4LSI081617	CC0622L_S4_17	S4	Sweet	22	6	Low N	8/16/17	Central City NE	117.7725118	-12.49	4.41	1.163011641	18.56611741	0.008490946
cousins_2017_field	2019-01-17T14:11:28.005801Z	CC0623LE18LSI081617	CC0623L_E18_17	E18	Energy	23	6	Low N	8/16/17	Central City NE	102.9360739	-12.4	3.68	0.845469562	19.25522238	0.009714767
cousins_2017_field	2019-01-17T14:11:28.005801Z	CC0601LG3LSI081617	CC0601L_G3_17	G3	Grain	1	6	Low N	8/16/17	Central City NE	124.3619292	-12.51	5.86	1.429033131	21.72115523	0.008041046
cousins_2017_field	2019-01-17T14:11:28.005801Z	CC0616LE8LSI081617	CC0616L_E8_17	E8	Energy	16	6	Low N	8/16/17	Central City NE	106.2332233	-12.13	6.29	1.007699685	17.4993707	0.009413251
cousins_2017_field	2019-01-17T14:11:28.005801Z	CC0614LS5LSI081617	CC0614L_S5_17	S5	Sweet	14	6	Low N	8/16/17	Central City NE	103.0251346	-12.5	7.52	1.199137581	19.90168535	0.009706369
cousins_2017_field	2019-01-17T14:11:28.005801Z	CC0611LE9LSI081617	CC0611L_E9_17	E9	Energy	11	6	Low N	8/16/17	Central City NE	107.9890311	-12.25	7.09	1.15550387	18.68990301	0.0092602
cousins_2017_field	2019-01-17T14:11:28.005801Z	CC0613LE7LSI081617	CC0613L_E7_17	E7	Energy	13	6	Low N	8/16/17	Central City NE	92.17511717	-12.6	6.89	0.890221934	16.71757507	0.010848915
cousins_2017_field	2019-01-17T14:11:28.005801Z	CC0609LE15LSI081617	CC0609L_E15_17	E15	Energy	9	6	Low N	8/16/17	Central City NE	96.47698745	-12.42	5.86	1.204351125	20.50445616	0.010365166
cousins_2017_field	2019-01-17T14:11:28.005801Z	CC0608LE5LSI081617	CC0608L_E5_17	E5	Energy	8	6	Low N	8/16/17	Central City NE	109.728692	-12.78	6.53	1.262171825	20.03503295	0.009113387
cousins_2017_field	2019-01-17T14:11:28.005801Z	CC0607LS8LSI081617	CC0607L_S8_17	S8	Sweet	7	6	Low N	8/16/17	Central City NE	119.3405952	-12.21	8.84	1.093737786	19.44874158	0.008379378
cousins_2017_field	2019-01-17T14:11:28.005801Z	CC0606LS10LSI081617	CC0606L_S10_17	S10	Sweet	6	6	Low N	8/16/17	Central City NE	126.4516129	-12.93	5.22	1.079336878	19.27677621	0.007908163
cousins_2017_field	2019-01-17T14:11:28.005801Z	CC0605LE17LSI081617	CC0605L_E17_17	E17	Energy	5	6	Low N	8/16/17	Central City NE	133.6188951	-12.59	7.55	1.175098725	15.63939324	0.007483971
cousins_2017_field	2019-01-17T14:11:28.005801Z	CC0604LE10LSI081617	CC0604L_E10_17	E10	Energy	4	6	Low N	8/16/17	Central City NE	114.5436331	-12.3	5.01	1.366185966	21.54002397	0.008730298
cousins_2017_field	2019-01-17T14:11:28.005801Z	CC0603LS2LSI081617	CC0603L_S2_17	S2	Sweet	3	6	Low N	8/16/17	Central City NE	139.1144537	-12.26	3.58	0.933611205	20.71467207	0.007188326
cousins_2017_field	2019-01-17T14:11:28.005801Z	CC0602LG1LSI081617	CC0602L_G1_17	G1	Grain	2	6	Low N	8/16/17	Central City NE	133.2472406	-12.53	5.28	1.160531606	18.8510465	0.007504846
cousins_2017_field	2019-01-17T14:11:28.005801Z	CC0301LG1LSI081617	CC0301L_G1_17	G1	Grain	1	3	Low N	8/16/17	Central City NE	102.158477	-12.67	4.01	1.196219112	19.53571019	0.009788713
cousins_2017_field	2019-01-17T14:11:28.005801Z	CC0302LG3LSI081617	CC0302L_G3_17	G3	Grain	2	3	Low N	8/16/17	Central City NE	101.0385501	-12.23	3.49	1.556387899	20.92687225	0.009897212
cousins_2017_field	2019-01-17T14:11:28.005801Z	CC0413FE6LSI081617	CC0413F_E6_17	E6	Energy	13	4	Full N	8/16/17	Central City NE	75.88595565	-12.56	0.1	1.401855244	18.29963634	0.013177669
cousins_2017_field	2019-01-17T14:11:28.005801Z	CC0411FS3LSI081617	CC0411F_S3_17	S3	Sweet	11	4	Full N	8/16/17	Central City NE	86.97137786	-12.5	0.67	1.423788479	17.06831907	0.011498036
cousins_2017_field	2019-01-17T14:11:28.005801Z	CC0402FG1LSI081617	CC0402F_G1_17	G1	Grain	2	4	Full N	8/16/17	Central City NE	135.8210233	-12.63	0.71	1.458019572	20.39470769	0.00736263
cousins_2017_field	2019-01-17T14:11:28.005801Z	CC0401FG3LSI081617	CC0401F_G3_17	G3	Grain	1	4	Full N	8/16/17	Central City NE	128.1509033	-12.79	1.09	1.723103307	20.58355795	0.0078033
cousins_2017_field	2019-01-17T14:11:28.005801Z	CC0412FE15LSI081617	CC0412F_E15_17	E15	Energy	12	4	Full N	8/16/17	Central City NE	123.7721496	-12.91	-1.33	1.321626925	15.76577092	0.008079362
cousins_2017_field	2019-01-17T14:11:28.005801Z	CC0409FS6LSI081617	CC0409F_S6_17	S6	Sweet	9	4	Full N	8/16/17	Central City NE	133.2446664	-12.48	1.32	1.297650381	16.31631577	0.007504991
cousins_2017_field	2019-01-17T14:11:28.005801Z	CC0408FS4LSI081617	CC0408F_S4_17	S4	Sweet	8	4	Full N	8/16/17	Central City NE	122.6489757	-12.86	0.2	1.069131184	12.98473748	0.00815335
cousins_2017_field	2019-01-17T14:11:28.005801Z	CC0414FE7LSI081617	CC0414F_E7_17	E7	Energy	14	4	Full N	8/16/17	Central City NE	119.4818707	-12.58	3.26	1.572775403	20.3446255	0.008369471
cousins_2017_field	2019-01-17T14:11:28.005801Z	CC0417FE9LSI081617	CC0417F_E9_17	E9	Energy	17	4	Full N	8/16/17	Central City NE	135.5626429	-12.34	0.27	1.324190622	16.78759333	0.007376664
cousins_2017_field	2019-01-17T14:11:28.005801Z	CC0418FS8LSI081617	CC0418F_S8_17	S8	Sweet	18	4	Full N	8/16/17	Central City NE	123.7643687	-12.3	-0.65	1.277515892	16.54816221	0.00807987
cousins_2017_field	2019-01-17T14:11:28.005801Z	CC0419FE8LSI081617	CC0419F_E8_17	E8	Energy	19	4	Full N	8/16/17	Central City NE	126.2752891	-12.21	1.26	1.128722241	14.71774627	0.007919206
cousins_2017_field	2019-01-17T14:11:28.005801Z	CC0421FE5LSI081617	CC0421F_E5_17	E5	Energy	21	4	Full N	8/16/17	Central City NE	145.9239099	-13.1	-0.1	1.246040041	16.19075818	0.006852887
cousins_2017_field	2019-01-17T14:11:28.005801Z	CC0423FE3LSI081617	CC0423F_E3_17	E3	Energy	23	4	Full N	8/16/17	Central City NE	138.7961021	-12.55	0.33	1.254289734	15.3974142	0.007204813
cousins_2017_field	2019-01-17T14:11:28.005801Z	CC0410FS5LSI081617	CC0410F_S5_17	S5	Sweet	10	4	Full N	8/16/17	Central City NE	126.6240416	-12.79	1.88	1.375689085	16.97440581	0.007897394
cousins_2017_field	2019-01-17T14:11:28.005801Z	CC0403FE17LSI081617	CC0403F_E17_17	E17	Energy	3	4	Full N	8/16/17	Central City NE	114.8464274	-12.11	2.76	1.622900905	21.07414058	0.00870728
cousins_2017_field	2019-01-17T14:11:28.005801Z	CC0404FE10LSI081617	CC0404F_E10_17	E10	Energy	4	4	Full N	8/16/17	Central City NE	104.9986138	-11.99	1.65	1.71180907	22.53027372	0.009523935
cousins_2017_field	2019-01-17T14:11:28.005801Z	CC0405FS10LSI081617	CC0405F_S10_17	S10	Sweet	5	4	Full N	8/16/17	Central City NE	135.791437	-13.01	-0.3	1.170760689	16.30287444	0.007364235
cousins_2017_field	2019-01-17T14:11:28.005801Z	CC0407FE18LSI081617	CC0407F_E18_17	E18	Energy	7	4	Full N	8/16/17	Central City NE	78.50305944	-12.28	0.7	1.680543858	20.86680368	0.012738357
cousins_2017_field	2019-01-17T14:11:28.005801Z	CC0406FS2LSI081617	CC0406F_S2_17	S2	Sweet	6	4	Full N	8/16/17	Central City NE	119.486911	-12.71	2.61	1.318223229	18.45260869	0.008369118
cousins_2017_field	2019-01-17T14:11:28.005801Z	CC0310FE13LSI081617	CC0310F_E13_17	E13	Energy	10	3	Full N	8/16/17	Central City NE	96.94977361	-12.85	-0.65	1.198946725	21.04740595	0.010314619
cousins_2017_field	2019-01-17T14:11:28.005801Z	CC0321FE1LSI081617	CC0321F_E1_17	E1	Energy	21	3	Full N	8/16/17	Central City NE	116.6249585	-12.59	1.18	1.590914934	20.75662725	0.008574494
cousins_2017_field	2019-01-17T14:11:28.005801Z	CC0313FE11LSI081617	CC0313F_E11_17	E11	Energy	13	3	Full N	8/16/17	Central City NE	74.30221562	-12.33	-2.54	0.590967153	11.24381603	0.013458549
cousins_2017_field	2019-01-17T14:11:28.005801Z	CC0315FE4LSI081617	CC0315F_E4_17	E4	Energy	15	3	Full N	8/16/17	Central City NE	94.16166943	-12.46	-0.31	1.423224442	26.5707947	0.010620033
cousins_2017_field	2019-01-17T14:11:28.005801Z	CC0311FE14LSI081617	CC0311F_E14_17	E14	Energy	11	3	Full N	8/16/17	Central City NE	94.32703774	-13	1.21	1.271582873	20.41108038	0.010601414
cousins_2017_field	2019-01-17T14:11:28.005801Z	CC0310LE13LSI081617	CC0310L_E13_17	E13	Energy	10	3	Low N	8/16/17	Central City NE	123.5227615	-12.76	1.79	0.672503727	14.9535114	0.008095674
cousins_2017_field	2019-01-17T14:11:28.005801Z	CC0321LE1LSI081617	CC0321L_E1_17	E1	Energy	21	3	Low N	8/16/17	Central City NE	95.1978429	-12.26	2.93	1.111828145	22.3778951	0.01050444
cousins_2017_field	2019-01-17T14:11:28.005801Z	CC0315LE4LSI081617	CC0315L_E4_17	E4	Energy	15	3	Low N	8/16/17	Central City NE	111.1284123	-12.13	0.7	0.627747278	20.75744234	0.008998599
cousins_2017_field	2019-01-17T14:11:28.005801Z	CC0313LE11LSI081617	CC0313L_E11_17	E11	Energy	13	3	Low N	8/16/17	Central City NE	79.45394999	-12.56	-0.41	2.12713119	24.01741	0.012585907
cousins_2017_field	2019-01-17T14:11:28.005801Z	CC0416LE4LSI081617	CC0416L_E4_17	E4	Energy	16	4	Low N	8/16/17	Central City NE	92.71218734	-12.47	2.02	0.689485034	17.66668529	0.010786068
cousins_2017_field	2019-01-17T14:11:28.005801Z	CC0422LE14LSI081617	CC0422L_E14_17	E14	Energy	22	4	Low N	8/16/17	Central City NE	95.33940509	-12.41	2.09	0.859586193	23.80208153	0.010488842
cousins_2017_field	2019-01-17T14:11:28.005801Z	CC0415LE1LSI081617	CC0415L_E1_17	E1	Energy	15	4	Low N	8/16/17	Central City NE	129.0734297	-12.42	4.85	1.327577532	19.31968629	0.007747528
cousins_2017_field	2019-01-17T14:11:28.005801Z	CC0420LE13LSI081617	CC0420L_E13_17	E13	Energy	20	4	Low N	8/16/17	Central City NE	107.3950008	-12.57	2.41	1.041748165	22.32179664	0.00931142
cousins_2017_field	2019-01-17T14:11:28.005801Z	CC0424LE11LSI081617	CC0424L_E11_17	E11	Energy	24	4	Low N	8/16/17	Central City NE	74.51328563	-12.81	2.72	0.807765993	16.48185022	0.013420426
cousins_2017_field	2019-01-17T14:11:28.005801Z	CC0420FE13LSI081617	CC0420F_E13_17	E13	Energy	20	4	Full N	8/16/17	Central City NE	81.69124245	-12.25	4.76	0.681954339	12.85889376	0.012241214
cousins_2017_field	2019-01-17T14:11:28.005801Z	CC0422FE14LSI081617	CC0422F_E14_17	E14	Energy	22	4	Full N	8/16/17	Central City NE	85.61709967	-12.37	0.48	1.915053296	26.45408173	0.01167991
cousins_2017_field	2019-01-17T14:11:28.005801Z	CC0424FE11LSI081617	CC0424F_E11_17	E11	Energy	24	4	Full N	8/16/17	Central City NE	73.47495214	-12.98	-0.6	0.8071132	10.18804817	0.01361008
cousins_2017_field	2019-01-17T14:11:28.005801Z	CC0416FE4LSI081617	CC0416F_E4_17	E4	Energy	16	4	Full N	8/16/17	Central City NE	84.92968163	-13.01	-0.14	0.875020228	11.20671222	0.011774447
cousins_2017_field	2019-01-17T14:11:28.005801Z	CC0415FE1LSI081617	CC0415F_E1_17	E1	Energy	15	4	Full N	8/16/17	Central City NE	106.2440785	-12.42	1.63	1.509951053	19.43314515	0.009412289
cousins_2017_field	2019-01-17T14:11:28.005801Z	CC0507FE15LSI081617	CC0507F_E15_17	E15	Energy	7	5	Full N	8/16/17	Central City NE	122.2591623	-13.16	3.2	1.571032681	20.12380173	0.008179346
cousins_2017_field	2019-01-17T14:11:28.005801Z	CC0506FE10LSI081617	CC0506F_E10_17	E10	Energy	6	5	Full N	8/16/17	Central City NE	120.1047409	-12.62	-1.06	1.15394151	14.13385693	0.008326066
cousins_2017_field	2019-01-17T14:11:28.005801Z	CC0505FE17LSI081617	CC0505F_E17_17	E17	Energy	5	5	Full N	8/16/17	Central City NE	119.0998902	-12.45	0.36	1.6018042	19.27913012	0.008396313
cousins_2017_field	2019-01-17T14:11:28.005801Z	CC0504FS10LSI081617	CC0504F_S10_17	S10	Sweet	4	5	Full N	8/16/17	Central City NE	119.109456	-12.63	2.82	1.439724726	18.43534998	0.008395639
cousins_2017_field	2019-01-17T14:11:28.005801Z	CC0503FS2LSI081617	CC0503F_S2_17	S2	Sweet	3	5	Full N	8/16/17	Central City NE	149.4643689	-12.46	0.91	1.092368938	18.14459647	0.006690558
cousins_2017_field	2019-01-17T14:11:28.005801Z	CC0502FG3LSI081617	CC0502F_G3_17	G3	Grain	2	5	Full N	8/16/17	Central City NE	141.4292779	-12.63	2.32	1.638335318	21.12684312	0.007070672
cousins_2017_field	2019-01-17T14:11:28.005801Z	CC0501FG1LSI081617	CC0501F_G1_17	G1	Grain	1	5	Full N	8/16/17	Central City NE	127.5108176	-12.84	1.56	1.295795902	19.54258989	0.007842472
cousins_2017_field	2019-01-17T14:11:28.005801Z	CC0508FE5LSI081617	CC0508F_E5_17	E5	Energy	8	5	Full N	8/16/17	Central City NE	133.7471087	-13.1	0.86	1.38730852	18.59567793	0.007476797
cousins_2017_field	2019-01-17T14:11:28.005801Z	CC0513FE7LSI081617	CC0513F_E7_17	E7	Energy	13	5	Full N	8/16/17	Central City NE	111.7216813	-12.21	2.78	1.453211279	21.79880764	0.008950814
cousins_2017_field	2019-01-17T14:11:28.005801Z	CC0511FS3LSI081617	CC0511F_S3_17	S3	Sweet	11	5	Full N	8/16/17	Central City NE	88.71734433	-12.22	4.3	1.395161566	21.35530796	0.011271753
cousins_2017_field	2019-01-17T14:11:28.005801Z	CC0510FE9LSI081617	CC0510F_E9_17	E9	Energy	10	5	Full N	8/16/17	Central City NE	99.7729116	-11.96	5.71	0.98503948	16.02255361	0.010022761
cousins_2017_field	2019-01-17T14:11:28.005801Z	CC0519FS6LSI081617	CC0519F_S6_17	S6	Sweet	19	5	Full N	8/16/17	Central City NE	118.4534271	-12.48	1.33	1.426391789	19.39830813	0.008442136
cousins_2017_field	2019-01-17T14:11:28.005801Z	CC0518FE3LSI081617	CC0518F_E3_17	E3	Energy	18	5	Full N	8/16/17	Central City NE	107.3905579	-12.01	4.28	1.354186656	19.65784973	0.009311806
cousins_2017_field	2019-01-17T14:11:28.005801Z	CC0515FS4LSI081617	CC0515F_S4_17	S4	Sweet	15	5	Full N	8/16/17	Central City NE	97.71808203	-12.33	0.69	2.205885601	28.10207404	0.010233521
cousins_2017_field	2019-01-17T14:11:28.005801Z	CC0514FE6LSI081617	CC0514F_E6_17	E6	Energy	14	5	Full N	8/16/17	Central City NE	84.53457447	-12.11	1.49	1.414719388	17.2621365	0.011829479
cousins_2017_field	2019-01-17T14:11:28.005801Z	CC0523FS8LSI081617	CC0523F_S8_17	S8	Sweet	23	5	Full N	8/16/17	Central City NE	127.2468742	-12.4	2.28	1.489554791	18.79445973	0.007858739
cousins_2017_field	2019-01-17T14:11:28.005801Z	CC0521FE8LSI081617	CC0521F_E8_17	E8	Energy	21	5	Full N	8/16/17	Central City NE	127.7833753	-12.17	3.39	1.348855217	19.48031635	0.007825744
cousins_2017_field	2019-01-17T14:11:28.005801Z	CC0522FE18LSI081617	CC0522F_E18_17	E18	Energy	22	5	Full N	8/16/17	Central City NE	77.22017974	-12.28	1.24	1.345475602	19.91127337	0.012949983
cousins_2017_field	2019-01-17T14:11:28.005801Z	CC0524FS5LSI081617	CC0524F_S5_17	S5	Sweet	24	5	Full N	8/16/17	Central City NE	133.7681798	-12.98	0.67	1.574306159	21.30870825	0.007475619
cousins_2017_field	2019-01-17T14:11:28.005801Z	CC0221LE13LSI081617	CC0221L_E13_17	E13	Energy	21	2	Low N	8/16/17	Central City NE	105.8038663	-12.69	4.57	0.870291728	17.39389833	0.00945145
cousins_2017_field	2019-01-17T14:11:28.005801Z	CC0222LE11LSI081617	CC0222L_E11_17	E11	Energy	22	2	Low N	8/16/17	Central City NE	74.64824356	-12.51	3.61	0.984812024	18.41541305	0.013396162
cousins_2017_field	2019-01-17T14:11:28.005801Z	CC0216LE4LSI081617	CC0216L_E4_17	E4	Energy	16	2	Low N	8/16/17	Central City NE	100.1964508	-12.71	1.53	0.469258552	15.24208577	0.009980393
cousins_2017_field	2019-01-17T14:11:28.005801Z	CC0220LE14LSI081617	CC0220L_E14_17	E14	Energy	20	2	Low N	8/16/17	Central City NE	88.52999336	-12.49	3.72	1.433020603	25.42974344	0.011295607
cousins_2017_field	2019-01-17T14:11:28.005801Z	CC0209LE1LSI081617	CC0209L_E1_17	E1	Energy	9	2	Low N	8/16/17	Central City NE	104.6378855	-12.26	1.86	1.130834148	22.56915056	0.009556768
cousins_2017_field	2019-01-17T14:11:28.005801Z	CC0216FE4LSI081617	CC0216F_E4_17	E4	Energy	16	2	Full N	8/16/17	Central City NE	80.47306495	-12.39	1.41	1.321678059	20.83830194	0.012426518
cousins_2017_field	2019-01-17T14:11:28.005801Z	CC0221FE13LSI081617	CC0221F_E13_17	E13	Energy	21	2	Full N	8/16/17	Central City NE	89.98841462	-13.03	-1.41	1.024338941	17.07075635	0.011112542
cousins_2017_field	2019-01-17T14:11:28.005801Z	CC0220FE14LSI081617	CC0220F_E14_17	E14	Energy	20	2	Full N	8/16/17	Central City NE	81.31950705	-12.65	1.5	1.304755514	19.50791959	0.012297172
cousins_2017_field	2019-01-17T14:11:28.005801Z	CC0209FE1LSI081617	CC0209F_E1_17	E1	Energy	9	2	Full N	8/16/17	Central City NE	108.3401445	-12.77	1.17	1.368814055	20.01360799	0.009230189
cousins_2017_field	2019-01-17T14:11:28.005801Z	CC0222FE11LSI081617	CC0222F_E11_17	E11	Energy	22	2	Full N	8/16/17	Central City NE	70.99169281	-12.56	-0.69	1.366644877	19.52879957	0.014086155
cousins_2017_field	2019-01-17T14:11:28.005801Z	CC0119LE1LSI081617	CC0119L_E1_17	E1	Energy	19	1	Low N	8/16/17	Central City NE	109.2870813	-12.26	3.21	1.178622137	20.94829121	0.009150212
cousins_2017_field	2019-01-17T14:11:28.005801Z	CC0123LE13LSI081617	CC0123L_E13_17	E13	Energy	23	1	Low N	8/16/17	Central City NE	89.3983091	-12.49	4.22	1.159685109	21.07191399	0.011185894
cousins_2017_field	2019-01-17T14:11:28.005801Z	CC0113LE14LSI081617	CC0113L_E14_17	E14	Energy	13	1	Low N	8/16/17	Central City NE	81.85689949	-12.08	4.13	1.196883696	20.71098507	0.012216441
cousins_2017_field	2019-01-17T14:11:28.005801Z	CC0112LE4LSI081617	CC0112L_E4_17	E4	Energy	12	1	Low N	8/16/17	Central City NE	73.21894172	-12.14	3.24	1.181670756	21.48981018	0.013657668
cousins_2017_field	2019-01-17T14:11:28.005801Z	CC0121LE11LSI081617	CC0121L_E11_17	E11	Energy	21	1	Low N	8/16/17	Central City NE	81.48186744	-12.55	3.64	0.829507356	15.91900693	0.012272669
cousins_2017_field	2019-01-17T14:11:28.005801Z	CC0121FE11LSI081617	CC0121F_E11_17	E11	Energy	21	1	Full N	8/16/17	Central City NE	68.55001292	-12.49	0.6	1.553688326	24.71389768	0.014587889
cousins_2017_field	2019-01-17T14:11:28.005801Z	CC0112FE4LSI081617	CC0112F_E4_17	E4	Energy	12	1	Full N	8/16/17	Central City NE	83.28354882	-12.18	1.41	1.095823115	18.8758636	0.012007173
cousins_2017_field	2019-01-17T14:11:28.005801Z	CC0113FE14LSI081617	CC0113F_E14_17	E14	Energy	13	1	Full N	8/16/17	Central City NE	76.5227226	-12.82	-0.51	1.336979065	20.99285083	0.013068014
cousins_2017_field	2019-01-17T14:11:28.005801Z	CC0123FE13LSI081617	CC0123F_E13_17	E13	Energy	23	1	Full N	8/16/17	Central City NE	99.93614304	-12.85	0.59	1.172552214	18.37179454	0.01000639
cousins_2017_field	2019-01-17T14:11:28.005801Z	CC0119FE1LSI081617	CC0119F_E1_17	E1	Energy	19	1	Full N	8/16/17	Central City NE	117.5748818	-12.71	0.35	1.548491096	20.53989366	0.008505218
cousins_2017_field	2019-01-17T14:11:28.005801Z	CC0516FE11LSI081617	CC0516F_E11_17	E11	Energy	16	5	Full N	8/16/17	Central City NE	73.27927015	-12.23	-0.55	1.547001516	21.34170385	0.013646424
cousins_2017_field	2019-01-17T14:11:28.005801Z	CC0509FE4LSI081617	CC0509F_E4_17	E4	Energy	9	5	Full N	8/16/17	Central City NE	58.42194093	-12.34	-0.39	1.449151375	19.48797814	0.017116857
cousins_2017_field	2019-01-17T14:11:28.005801Z	CC0512FE14LSI081617	CC0512F_E14_17	E14	Energy	12	5	Full N	8/16/17	Central City NE	87.60860571	-12.32	5.61	1.802224604	23.29330897	0.011414404
cousins_2017_field	2019-01-17T14:11:28.005801Z	CC0520FE13LSI081617	CC0520F_E13_17	E13	Energy	20	5	Full N	8/16/17	Central City NE	92.69219118	-13.02	3.07	1.150258368	17.98000022	0.010788395
cousins_2017_field	2019-01-17T14:11:28.005801Z	CC0517FE1LSI081617	CC0517F_E1_17	E1	Energy	17	5	Full N	8/16/17	Central City NE	111.6556671	-12.52	0.36	1.639050652	19.99189951	0.008956106
cousins_2017_field	2019-01-17T14:11:28.005801Z	CC0509LE4LSI081617	CC0509L_E4_17	E4	Energy	9	5	Low N	8/16/17	Central City NE	81.31917172	-11.94	7.81	1.170825957	20.73568443	0.012297223
cousins_2017_field	2019-01-17T14:11:28.005801Z	CC0512LE14LSI081617	CC0512L_E14_17	E14	Energy	12	5	Low N	8/16/17	Central City NE	87.25717905	-12.49	4.15	1.130694875	19.8479552	0.011460375
cousins_2017_field	2019-01-17T14:11:28.005801Z	CC0516LE11LSI081617	CC0516L_E11_17	E11	Energy	16	5	Low N	8/16/17	Central City NE	67.85714286	-12.07	4.34	0.784686379	15.18773357	0.014736842
cousins_2017_field	2019-01-17T14:11:28.005801Z	CC0520LE13LSI081617	CC0520L_E13_17	E13	Energy	20	5	Low N	8/16/17	Central City NE	80.48499348	-12.48	4.7	1.434375244	25.61116699	0.012424676
cousins_2017_field	2019-01-17T14:11:28.005801Z	CC0517LE1LSI081617	CC0517L_E1_17	E1	Energy	17	5	Low N	8/16/17	Central City NE	118.6451073	-12.3	3.54	1.572106604	21.74315355	0.008428498
cousins_2017_field	2019-01-17T14:11:28.005801Z	CC0723FE8LSI081617	CC0723F_E8_17	E8	Energy	23	7	Full N	8/16/17	Central City NE	94.73087819	-12.12	2.53	1.182184113	16.45473261	0.01055622
cousins_2017_field	2019-01-17T14:11:28.005801Z	CC0720FE9LSI081617	CC0720F_E9_17	E9	Energy	20	7	Full N	8/16/17	Central City NE	86.32545272	-11.99	1.37	1.369689034	18.41397659	0.011584069
cousins_2017_field	2019-01-17T14:11:28.005801Z	CC0711FE7LSI081617	CC0711F_E7_17	E7	Energy	11	7	Full N	8/16/17	Central City NE	83.27334852	-12.1	1.22	1.35077071	18.1017746	0.012008644
cousins_2017_field	2019-01-17T14:11:28.005801Z	CC0724FS3LSI081617	CC0724F_S3_17	S3	Sweet	24	7	Full N	8/16/17	Central City NE	96.24577988	-11.91	1.36	2.334551891	32.0533854	0.010390066
cousins_2017_field	2019-01-17T14:11:28.005801Z	CC0719FS4LSI081617	CC0719F_S4_17	S4	Sweet	19	7	Full N	8/16/17	Central City NE	109.0481216	-12.7	1.35	1.73126088	20.22950835	0.009170263
cousins_2017_field	2019-01-17T14:11:28.005801Z	CC0721FS6LSI081617	CC0721F_S6_17	S6	Sweet	21	7	Full N	8/16/17	Central City NE	115.2199954	-12.29	1.94	1.394709493	18.76191205	0.008679049
cousins_2017_field	2019-01-17T14:11:28.005801Z	CC0718FS8LSI081617	CC0718F_S8_17	S8	Sweet	18	7	Full N	8/16/17	Central City NE	111.7109635	-12.25	2.65	1.51862778	20.01242268	0.008951673
cousins_2017_field	2019-01-17T14:11:28.005801Z	CC0717FE15LSI081617	CC0717F_E15_17	E15	Energy	17	7	Full N	8/16/17	Central City NE	102.4355532	-12.83	2.97	1.595881675	20.34323669	0.009762236
cousins_2017_field	2019-01-17T14:11:28.005801Z	CC0710FE5LSI081617	CC0710F_E5_17	E5	Energy	10	7	Full N	8/16/17	Central City NE	212.6171303	-12.97	1.67	1.291484256	17.41518998	0.00470329
cousins_2017_field	2019-01-17T14:11:28.005801Z	CC0709FE6LSI081617	CC0709F_E6_17	E6	Energy	9	7	Full N	8/16/17	Central City NE	68.80080137	-12.09	1.42	1.399947663	18.68416247	0.014534714
cousins_2017_field	2019-01-17T14:11:28.005801Z	CC0708FE3LSI081617	CC0708F_E3_17	E3	Energy	8	7	Full N	8/16/17	Central City NE	122.2454526	-11.86	6.37	1.245375641	20.63076345	0.008180263
cousins_2017_field	2019-01-17T14:11:28.005801Z	CC0707FS5LSI081617	CC0707F_S5_17	S5	Sweet	7	7	Full N	8/16/17	Central City NE	124.8246737	-12.68	3.7	1.57268355	19.95999911	0.008011237
cousins_2017_field	2019-01-17T14:11:28.005801Z	CC0705FE17LSI081617	CC0705F_E17_17	E17	Energy	5	7	Full N	8/16/17	Central City NE	95.77908689	-12.29	2.76	1.759063694	20.97540344	0.010440693
cousins_2017_field	2019-01-17T14:11:28.005801Z	CC0704FE10LSI081617	CC0704F_E10_17	E10	Energy	4	7	Full N	8/16/17	Central City NE	125.8422072	-12.2	2.29	1.748317477	22.55081439	0.007946459
cousins_2017_field	2019-01-17T14:11:28.005801Z	CC0706FS2LSI081617	CC0706F_S2_17	S2	Sweet	6	7	Full N	8/16/17	Central City NE	128.8211845	-12.34	3.67	1.168973624	18.33527023	0.007762698
cousins_2017_field	2019-01-17T14:11:28.005801Z	CC0703FS10LSI081617	CC0703F_S10_17	S10	Sweet	3	7	Full N	8/16/17	Central City NE	153.7472719	-12.9	1.21	1.597701648	19.34727362	0.00650418
cousins_2017_field	2019-01-17T14:11:28.005801Z	CC0701FG3LSI081617	CC0701F_G3_17	G3	Grain	1	7	Full N	8/16/17	Central City NE	143.1801821	-12.76	3.04	1.659773301	19.33626469	0.006984207
cousins_2017_field	2019-01-17T14:11:28.005801Z	CC0713FE18LSI081617	CC0713F_E18_17	E18	Energy	13	7	Full N	8/16/17	Central City NE	102.7859003	-12.35	2.93	1.279524901	18.43962868	0.009728961
cousins_2017_field	2019-01-17T14:11:28.005801Z	CC0702FG1LSI081617	CC0702F_G1_17	G1	Grain	2	7	Full N	8/16/17	Central City NE	143.8098346	-12.57	2.61	1.417922852	19.68002153	0.006953627
cousins_2017_field	2019-01-17T14:11:28.005801Z	CC0706LS2LSI081617	CC0706L_S2_17	S2	Sweet	6	7	Low N	8/16/17	Central City NE	161.6581957	-12.42	4.85	0.898348538	13.57154135	0.006185891
cousins_2017_field	2019-01-17T14:11:28.005801Z	CC0721LS6LSI081617	CC0721L_S6_17	S6	Sweet	21	7	Low N	8/16/17	Central City NE	99.47823303	-12.32	6	1.308158141	25.75205862	0.01005245
cousins_2017_field	2019-01-17T14:11:28.005801Z	CC0723LE8LSI081617	CC0723L_E8_17	E8	Energy	23	7	Low N	8/16/17	Central City NE	105.0131673	-12.54	3.62	1.169805107	18.7066322	0.009522615
cousins_2017_field	2019-01-17T14:11:28.005801Z	CC0720LE9LSI081617	CC0720L_E9_17	E9	Energy	20	7	Low N	8/16/17	Central City NE	118.8893957	-12.4	3.03	1.531822693	20.02892983	0.008411179
cousins_2017_field	2019-01-17T14:11:28.005801Z	CC0719LS4LSI081617	CC0719L_S4_17	S4	Sweet	19	7	Low N	8/16/17	Central City NE	104.7787862	-12.56	5.75	1.341007358	19.89897161	0.009543917
cousins_2017_field	2019-01-17T14:11:28.005801Z	CC0718LS8LSI081617	CC0718L_S8_17	S8	Sweet	18	7	Low N	8/16/17	Central City NE	83.97420868	-11.83	6.55	1.471577653	22.99181391	0.011908418
cousins_2017_field	2019-01-17T14:11:28.005801Z	CC0717LE15LSI081617	CC0717L_E15_17	E15	Energy	17	7	Low N	8/16/17	Central City NE	96.37402453	-12.42	6.67	1.512266235	20.82711246	0.01037624
cousins_2017_field	2019-01-17T14:11:28.005801Z	CC0713LE18LSI081617	CC0713L_E18_17	E18	Energy	13	7	Low N	8/16/17	Central City NE	125.9013342	-12.24	6.6	1.102533148	14.67249027	0.007942728
cousins_2017_field	2019-01-17T14:11:28.005801Z	CC0711LE7LSI081617	CC0711L_E7_17	E7	Energy	11	7	Low N	8/16/17	Central City NE	98.1601675	-12.49	8.04	1.122149115	19.4823544	0.010187432
cousins_2017_field	2019-01-17T14:11:28.005801Z	CC0710LE5LSI081617	CC0710L_E5_17	E5	Energy	10	7	Low N	8/16/17	Central City NE	107.6554671	-12.77	6.43	1.206411741	21.01264251	0.009288892
cousins_2017_field	2019-01-17T14:11:28.005801Z	CC0709LE6LSI081617	CC0709L_E6_17	E6	Energy	9	7	Low N	8/16/17	Central City NE	75.5108728	-12.09	6.46	1.138640646	20.04498358	0.013243126
cousins_2017_field	2019-01-17T14:11:28.005801Z	CC0708LE3LSI081617	CC0708L_E3_17	E3	Energy	8	7	Low N	8/16/17	Central City NE	95.23797404	-12.62	7.8	1.124031705	19.26493773	0.010500013
cousins_2017_field	2019-01-17T14:11:28.005801Z	CC0707LS5LSI081617	CC0707L_S5_17	S5	Sweet	7	7	Low N	8/16/17	Central City NE	120.4557803	-12.85	6.55	1.0464267	18.22325039	0.008301802
cousins_2017_field	2019-01-17T14:11:28.005801Z	CC0704LE10LSI081617	CC0704L_E10_17	E10	Energy	4	7	Low N	8/16/17	Central City NE	109.723036	-12.43	5.23	1.218082206	16.55990148	0.009113856
cousins_2017_field	2019-01-17T14:11:28.005801Z	CC0705LE17LSI081617	CC0705L_E17_17	E17	Energy	5	7	Low N	8/16/17	Central City NE	117.0308399	-12.43	9.17	1.325172979	19.02699495	0.008544756
cousins_2017_field	2019-01-17T14:11:28.005801Z	CC0703LS10LSI081617	CC0703L_S10_17	S10	Sweet	3	7	Low N	8/16/17	Central City NE	171.1130794	-12.99	4.21	0.865783511	13.06280742	0.005844089
cousins_2017_field	2019-01-17T14:11:28.005801Z	CC0702LG1LSI081617	CC0702L_G1_17	G1	Grain	2	7	Low N	8/16/17	Central City NE	105.4969475	-12.51	5.31	1.121007133	19.10792655	0.009478947
cousins_2017_field	2019-01-17T14:11:28.005801Z	CC0701LG3LSI081617	CC0701L_G3_17	G3	Grain	1	7	Low N	8/16/17	Central City NE	115.5251641	-12.71	4.4	1.387697802	19.80617512	0.008656123
cousins_2017_field	2019-01-17T14:11:28.005801Z	CC0724LS3LSI081617	CC0724L_S3_17	S3	Sweet	24	7	Low N	8/16/17	Central City NE	104.9152164	-12.8	3.92	0.858200295	19.67520237	0.009531506
cousins_2017_field	2019-01-17T14:11:28.005801Z	CC0510LE9LSI081617	CC0510L_E9_17	E9	Energy	10	5	Low N	8/16/17	Central City NE	101.0157791	-12.13	4.77	0.848708322	15.25815241	0.009899444
cousins_2017_field	2019-01-17T14:11:28.005801Z	CC0514LE6LSI081617	CC0514L_E6_17	E6	Energy	14	5	Low N	8/16/17	Central City NE	90.50569476	-12.24	3.3	0.884473485	14.94687475	0.011049028
cousins_2017_field	2019-01-17T14:11:28.005801Z	CC0511LS3LSI081617	CC0511L_S3_17	S3	Sweet	11	5	Low N	8/16/17	Central City NE	131.1010521	-12.78	3.88	0.63915837	11.79586765	0.007627704
cousins_2017_field	2019-01-17T14:11:28.005801Z	CC0513LE7LSI081617	CC0513L_E7_17	E7	Energy	13	5	Low N	8/16/17	Central City NE	121.7021277	-12.45	4.93	1.033751964	20.56053748	0.008216783
cousins_2017_field	2019-01-17T14:11:28.005801Z	CC0518LE3LSI081617	CC0518L_E3_17	E3	Energy	18	5	Low N	8/16/17	Central City NE	134.9106552	-12.22	2.46	0.82421648	18.10334796	0.007412313
cousins_2017_field	2019-01-17T14:11:28.005801Z	CC0515LS4LSI081617	CC0515L_S4_17	S4	Sweet	15	5	Low N	8/16/17	Central City NE	98.06356968	-12.33	0	1.209855955	16.39015089	0.010197467
cousins_2017_field	2019-01-17T14:11:28.005801Z	CC0519LS6LSI081617	CC0519L_S6_17	S6	Sweet	19	5	Low N	8/16/17	Central City NE	111.9476666	-12.18	2.92	1.43830142	25.33325411	0.008932745
cousins_2017_field	2019-01-17T14:11:28.005801Z	CC0521LE8LSI081617	CC0521L_E8_17	E8	Energy	21	5	Low N	8/16/17	Central City NE	101.354209	-12.47	3.22	1.174419152	19.61931315	0.009866388
cousins_2017_field	2019-01-17T14:11:28.005801Z	CC0522LE18LSI081617	CC0522L_E18_17	E18	Energy	22	5	Low N	8/16/17	Central City NE	90.78482328	-12.63	1.42	1.106699703	19.51896247	0.011015057
cousins_2017_field	2019-01-17T14:11:28.005801Z	CC0523LS8LSI081617	CC0523L_S8_17	S8	Sweet	23	5	Low N	8/16/17	Central City NE	93.72132065	-12.35	3.19	1.521629978	22.29781826	0.010669931
cousins_2017_field	2019-01-17T14:11:28.005801Z	CC0524LS5LSI081617	CC0524L_S5_17	S5	Sweet	24	5	Low N	8/16/17	Central City NE	107.4748629	-12.7	4.05	1.456749296	21.82472418	0.009304501
cousins_2017_field	2019-01-17T14:11:28.005801Z	CC0501LG1LSI081617	CC0501L_G1_17	G1	Grain	1	5	Low N	8/16/17	Central City NE	114.2215438	-12.61	3.51	1.115753682	21.17064645	0.008754916
cousins_2017_field	2019-01-17T14:11:28.005801Z	CC0502LG3LSI081617	CC0502L_G3_17	G3	Grain	2	5	Low N	8/16/17	Central City NE	125.7300885	-12.45	4.96	1.496419422	21.53187885	0.007953546
cousins_2017_field	2019-01-17T14:11:28.005801Z	CC0508LE5LSI081617	CC0508L_E5_17	E5	Energy	8	5	Low N	8/16/17	Central City NE	133.9254575	-13.02	4.32	1.57304735	21.11629498	0.00746684
cousins_2017_field	2019-01-17T14:11:28.005801Z	CC0507LE15LSI081617	CC0507L_E15_17	E15	Energy	7	5	Low N	8/16/17	Central City NE	120.5237103	-12.83	8.92	1.587994873	20.39291604	0.008297123
cousins_2017_field	2019-01-17T14:11:28.005801Z	CC0506LE10LSI081617	CC0506L_E10_17	E10	Energy	6	5	Low N	8/16/17	Central City NE	140.638187	-12.67	0.79	2.055677903	25.11633384	0.007110444
cousins_2017_field	2019-01-17T14:11:28.005801Z	CC0505LE17LSI081617	CC0505L_E17_17	E17	Energy	5	5	Low N	8/16/17	Central City NE	130.5178446	-12.16	3.59	1.298912015	17.83660927	0.007661788
cousins_2017_field	2019-01-17T14:11:28.005801Z	CC0504LS10LSI081617	CC0504L_S10_17	S10	Sweet	4	5	Low N	8/16/17	Central City NE	103.9849057	-12.88	-0.85	0.819920399	20.09324821	0.00961678
cousins_2017_field	2019-01-17T14:11:28.005801Z	CC0503LS2LSI081617	CC0503L_S2_17	S2	Sweet	3	5	Low N	8/16/17	Central City NE	134.5671703	-12.4	2.85	0.992066816	20.47602294	0.007431233
cousins_2017_field	2019-01-17T14:11:28.005801Z	CC0303LE17LSI081617	CC0303L_E17_17	E17	Energy	3	3	Low N	8/16/17	Central City NE	107.770936	-12.44	4.2	1.306029924	20.15387192	0.00927894
cousins_2017_field	2019-01-17T14:11:28.005801Z	CC0304LS10LSI081617	CC0304L_S10_17	S10	Sweet	4	3	Low N	8/16/17	Central City NE	105.9839498	-12.81	1.63	0.876802064	17.19125587	0.009435391
cousins_2017_field	2019-01-17T14:11:28.005801Z	CC0318LE18LSI081617	CC0318L_E18_17	E18	Energy	18	3	Low N	8/16/17	Central City NE	95.96626094	-12.48	1.01	1.013548424	21.10741475	0.010420329
cousins_2017_field	2019-01-17T14:11:28.005801Z	CC0317LE15LSI081617	CC0317L_E15_17	E15	Energy	17	3	Low N	8/16/17	Central City NE	80.30452675	-12.76	0.75	0.992117405	20.87561108	0.012452598
cousins_2017_field	2019-01-17T14:11:28.005801Z	CC0316LE8LSI081617	CC0316L_E8_17	E8	Energy	16	3	Low N	8/16/17	Central City NE	89.33740458	-12.48	1.05	1.242891468	24.14069979	0.01119352
cousins_2017_field	2019-01-17T14:11:28.005801Z	CC0324LS6LSI081617	CC0324L_S6_17	S6	Sweet	24	3	Low N	8/16/17	Central City NE	93.06785509	-12.16	3.45	1.122066763	21.79159244	0.010744848
cousins_2017_field	2019-01-17T14:11:28.005801Z	CC0323LE3LSI081617	CC0323L_E3_17	E3	Energy	23	3	Low N	8/16/17	Central City NE	87.1519411	-11.99	2.18	1.122250715	21.10382197	0.011474214
cousins_2017_field	2019-01-17T14:11:28.005801Z	CC0322LE6LSI081617	CC0322L_E6_17	E6	Energy	22	3	Low N	8/16/17	Central City NE	75.6798498	-12.71	1.38	1.009249783	15.63663678	0.013213557
cousins_2017_field	2019-01-17T14:11:28.005801Z	CC0320LS3LSI081617	CC0320L_S3_17	S3	Sweet	20	3	Low N	8/16/17	Central City NE	94.30868885	-12.78	2.71	1.158462274	23.58023981	0.010603477
cousins_2017_field	2019-01-17T14:11:28.005801Z	CC0319LE5LSI081617	CC0319L_E5_17	E5	Energy	19	3	Low N	8/16/17	Central City NE	93.42564492	-12.38	-0.98	1.071540282	24.99792879	0.010703699
cousins_2017_field	2019-01-17T14:11:28.005801Z	CC0314LS8LSI081617	CC0314L_S8_17	S8	Sweet	14	3	Low N	8/16/17	Central City NE	98.47924081	-12.87	1.36	0.908645065	17.34338275	0.010154424
cousins_2017_field	2019-01-17T14:11:28.005801Z	CC0312LS5LSI081617	CC0312L_S5_17	S5	Sweet	12	3	Low N	8/16/17	Central City NE	116.5457227	-12.69	1.19	0.925728537	16.32362856	0.008580323
cousins_2017_field	2019-01-17T14:11:28.005801Z	CC0309LS4LSI081617	CC0309L_S4_17	S4	Sweet	9	3	Low N	8/16/17	Central City NE	82.48744865	-12.09	1.55	1.284824719	27.49394759	0.012123056
cousins_2017_field	2019-01-17T14:11:28.005801Z	CC0308LE9LSI081617	CC0308L_E9_17	E9	Energy	8	3	Low N	8/16/17	Central City NE	107.1674371	-12.46	2.08	0.920572881	15.15434818	0.009331193
cousins_2017_field	2019-01-17T14:11:28.005801Z	CC0307LE7LSI081617	CC0307L_E7_17	E7	Energy	7	3	Low N	8/16/17	Central City NE	99.78490089	-12.66	1.8	1.525731093	27.12248976	0.010021556
cousins_2017_field	2019-01-17T14:11:28.005801Z	CC0306LE10LSI081617	CC0306L_E10_17	E10	Energy	6	3	Low N	8/16/17	Central City NE	134.096823	-12.47	6.44	1.323615651	16.66474339	0.007457298
cousins_2017_field	2019-01-17T14:11:28.005801Z	CC0305LS2LSI081617	CC0305L_S2_17	S2	Sweet	5	3	Low N	8/16/17	Central City NE	108.3938462	-12.4	0.55	0.860271511	20.39698156	0.009225616
cousins_2017_field	2019-01-17T14:11:28.005801Z	CC0722FE14LSI081617	CC0722F_E14_17	E14	Energy	22	7	Full N	8/16/17	Central City NE	81.9010043	-12.73	2.77	1.407503796	18.50776054	0.012209862
cousins_2017_field	2019-01-17T14:11:28.005801Z	CC0714FE4LSI081617	CC0714F_E4_17	E4	Energy	14	7	Full N	8/16/17	Central City NE	99.05766526	-12.5	-0.15	1.21572049	16.95011153	0.01009513
cousins_2017_field	2019-01-17T14:11:28.005801Z	CC0716FE1LSI081617	CC0716F_E1_17	E1	Energy	16	7	Full N	8/16/17	Central City NE	105.2310013	-12.62	1.39	1.313313796	16.44276275	0.009502903
cousins_2017_field	2019-01-17T14:11:28.005801Z	CC0715FE11LSI081617	CC0715F_E11_17	E11	Energy	15	7	Full N	8/16/17	Central City NE	84.4925899	-12.15	-0.05	1.28028323	17.90138249	0.011835357
cousins_2017_field	2019-01-17T14:11:28.005801Z	CC0714LE4LSI081617	CC0714L_E4_17	E4	Energy	14	7	Low N	8/16/17	Central City NE	92.14609898	-12.4	3.61	1.103625661	18.49441065	0.010852331
cousins_2017_field	2019-01-17T14:11:28.005801Z	CC0712FE13LSI081617	CC0712F_E13_17	E13	Energy	12	7	Full N	8/16/17	Central City NE	89.28498259	-12.49	1.08	1.185068141	15.10632376	0.011200092
cousins_2017_field	2019-01-17T14:11:28.005801Z	CC0712LE13LSI081617	CC0712L_E13_17	E13	Energy	12	7	Low N	8/16/17	Central City NE	78.25997719	-12.52	3.29	1.677322582	20.65653323	0.012777923
cousins_2017_field	2019-01-17T14:11:28.005801Z	CC0722LE14LSI081617	CC0722L_E14_17	E14	Energy	22	7	Low N	8/16/17	Central City NE	98.56990849	-13.08	3.33	1.344728005	18.09285565	0.010145084
cousins_2017_field	2019-01-17T14:11:28.005801Z	CC0716LE1LSI081617	CC0716L_E1_17	E1	Energy	16	7	Low N	8/16/17	Central City NE	115.4155844	-12.69	2.64	1.105690842	18.1386625	0.008664341
cousins_2017_field	2019-01-17T14:11:28.005801Z	CC0715LE11LSI081617	CC0715L_E11_17	E11	Energy	15	7	Low N	8/16/17	Central City NE	77.64224875	-12.68	4.19	1.35370757	21.88718716	0.012879586
cousins_2017_field	2019-01-17T14:11:28.005801Z	CC0612LE14LSI081617	CC0612L_E14_17	E14	Energy	12	6	Low N	8/16/17	Central City NE	96.62431173	-12.62	4.13	1.053183576	15.47533772	0.010349362
cousins_2017_field	2019-01-17T14:11:28.005801Z	CC0621LE13LSI081617	CC0621L_E13_17	E13	Energy	21	6	Low N	8/16/17	Central City NE	102.4812674	-12.62	4.16	1.340549985	21.09671785	0.009757881
cousins_2017_field	2019-01-17T14:11:28.005801Z	CC0624LE4LSI081617	CC0624L_E4_17	E4	Energy	24	6	Low N	8/16/17	Central City NE	90.05998001	-12.19	2.01	0.911258571	21.82325414	0.011103711
cousins_2017_field	2019-01-17T14:11:28.005801Z	CC0615LE1LSI081617	CC0615L_E1_17	E1	Energy	15	6	Low N	8/16/17	Central City NE	114.51973	-12.32	6.86	1.498865705	19.54829246	0.00873212
cousins_2017_field	2019-01-17T14:11:28.005801Z	CC0624FE4LSI081617	CC0624F_E4_17	E4	Energy	24	6	Full N	8/16/17	Central City NE	68.46778711	-12.82	0.05	1.341251917	19.21627298	0.014605409
cousins_2017_field	2019-01-17T14:11:28.005801Z	CC0621FE13LSI081617	CC0621F_E13_17	E13	Energy	21	6	Full N	8/16/17	Central City NE	108.6916502	-13.13	0.94	1.050780162	15.90285042	0.009200339
cousins_2017_field	2019-01-17T14:11:28.005801Z	CC0612FE14LSI081617	CC0612F_E14_17	E14	Energy	12	6	Full N	8/16/17	Central City NE	104.0134529	-12.89	4.94	1.492415857	18.6667223	0.009614141
cousins_2017_field	2019-01-17T14:11:28.005801Z	CC0615FE1LSI081617	CC0615F_E1_17	E1	Energy	15	6	Full N	8/16/17	Central City NE	135.2128356	-12.69	-2.57	1.322230582	15.58154196	0.007395748
cousins_2017_field	2019-01-17T14:11:28.005801Z	CC0619LE11LSI081617	CC0619L_E11_17	E11	Energy	19	6	Low N	8/16/17	Central City NE	89.96137339	-12.36	1.61	1.308336182	20.06111681	0.011115882
cousins_2017_field	2019-01-17T14:11:28.005801Z	CC0609FE15LSI081617	CC0609F_E15_17	E15	Energy	9	6	Full N	8/16/17	Central City NE	118.8992643	-12.97	1.52	1.346809235	17.29437121	0.008410481
cousins_2017_field	2019-01-17T14:11:28.005801Z	CC0610FE3LSI081617	CC0610F_E3_17	E3	Energy	10	6	Full N	8/16/17	Central City NE	89.92943252	-12.31	2.09	1.522488852	20.13071844	0.01111983
cousins_2017_field	2019-01-17T14:11:28.005801Z	CC0611FE9LSI081617	CC0611F_E9_17	E9	Energy	11	6	Full N	8/16/17	Central City NE	100.3304957	-12.49	1.28	1.50326658	19.65653534	0.009967059
cousins_2017_field	2019-01-17T14:11:28.005801Z	CC0613FE7LSI081617	CC0613F_E7_17	E7	Energy	13	6	Full N	8/16/17	Central City NE	98.47444247	-12.49	3.34	1.360327512	19.79246343	0.010154919
cousins_2017_field	2019-01-17T14:11:28.005801Z	CC0619FE11LSI081617	CC0619F_E11_17	E11	Energy	19	6	Full N	8/16/17	Central City NE	70.27508091	-12.59	-0.88	1.2825167	17.38354351	0.014229795
cousins_2017_field	2019-01-17T14:11:28.005801Z	CC0616FE8LSI081617	CC0616F_E8_17	E8	Energy	16	6	Full N	8/16/17	Central City NE	120.8499427	-12.31	1.12	1.67100467	22.58801769	0.008274725
cousins_2017_field	2019-01-17T14:11:28.005801Z	CC0614FS5LSI081617	CC0614F_S5_17	S5	Sweet	14	6	Full N	8/16/17	Central City NE	109.2683481	-13.13	1.05	1.479510839	17.71856317	0.009151781
cousins_2017_field	2019-01-17T14:11:28.005801Z	CC0608FE5LSI081617	CC0608F_E5_17	E5	Energy	8	6	Full N	8/16/17	Central City NE	132.4698148	-13.2	0.99	1.426411508	18.05962715	0.00754889
cousins_2017_field	2019-01-17T14:11:28.005801Z	CC0606FS10LSI081617	CC0606F_S10_17	S10	Sweet	6	6	Full N	8/16/17	Central City NE	118.936281	-13.23	1.27	1.299848896	17.11996448	0.008407863
cousins_2017_field	2019-01-17T14:11:28.005801Z	CC0607FS8LSI081617	CC0607F_S8_17	S8	Sweet	7	6	Full N	8/16/17	Central City NE	115.981898	-12.56	4.84	1.229993737	16.34403157	0.008622035
cousins_2017_field	2019-01-17T14:11:28.005801Z	CC0401LG3LSI081617	CC0401L_G3_17	G3	Grain	1	4	Low N	8/16/17	Central City NE	104.5590576	-12.5	3.61	1.502863352	21.07125661	0.009563973
cousins_2017_field	2019-01-17T14:11:28.005801Z	CC0408LS4LSI081617	CC0408L_S4_17	S4	Sweet	8	4	Low N	8/16/17	Central City NE	111.580075	-12.52	3.48	0.916091788	16.1638945	0.008962174
cousins_2017_field	2019-01-17T14:11:28.005801Z	CC0409LS6LSI081617	CC0409L_S6_17	S6	Sweet	9	4	Low N	8/16/17	Central City NE	142.5485961	-12.4	2.95	0.966482981	15.83085699	0.007015152
cousins_2017_field	2019-01-17T14:11:28.005801Z	CC0412LE15LSI081617	CC0412L_E15_17	E15	Energy	12	4	Low N	8/16/17	Central City NE	81.8397024	-12.34	3.41	1.323524096	22.24088302	0.012219008
cousins_2017_field	2019-01-17T14:11:28.005801Z	CC0414LE7LSI081617	CC0414L_E7_17	E7	Energy	14	4	Low N	8/16/17	Central City NE	100.8643989	-12.8	3.11	1.029846057	18.10980565	0.009914301
cousins_2017_field	2019-01-17T14:11:28.005801Z	CC0413LE6LSI081617	CC0413L_E6_17	E6	Energy	13	4	Low N	8/16/17	Central City NE	76.23841483	-12.44	1.57	0.959053252	18.82182158	0.013116747
cousins_2017_field	2019-01-17T14:11:28.005801Z	CC0410LS5LSI081617	CC0410L_S5_17	S5	Sweet	10	4	Low N	8/16/17	Central City NE	114.6205962	-12.45	4.5	1.478244195	23.75402409	0.008724436
cousins_2017_field	2019-01-17T14:11:28.005801Z	CC0407LE18LSI081617	CC0407L_E18_17	E18	Energy	7	4	Low N	8/16/17	Central City NE	90.98230912	-12.4	1.95	0.871525231	15.54986389	0.010991148
cousins_2017_field	2019-01-17T14:11:28.005801Z	CC0406LS2LSI081617	CC0406L_S2_17	S2	Sweet	6	4	Low N	8/16/17	Central City NE	64.83891892	-12.12	3.68	1.432654984	28.24736395	0.015422836
cousins_2017_field	2019-01-17T14:11:28.005801Z	CC0423LE3LSI081617	CC0423L_E3_17	E3	Energy	23	4	Low N	8/16/17	Central City NE	101.6595224	-12.95	3.27	1.215797061	17.3011498	0.009836757
cousins_2017_field	2019-01-17T14:11:28.005801Z	CC0421LE5LSI081617	CC0421L_E5_17	E5	Energy	21	4	Low N	8/16/17	Central City NE	103.1260735	-13.35	2.55	1.116203494	19.091682	0.009696869
cousins_2017_field	2019-01-17T14:11:28.005801Z	CC0419LE8LSI081617	CC0419L_E8_17	E8	Energy	19	4	Low N	8/16/17	Central City NE	121.1064769	-12.39	3.01	0.988699566	19.63111058	0.008257197
cousins_2017_field	2019-01-17T14:11:28.005801Z	CC0418LS8LSI081617	CC0418L_S8_17	S8	Sweet	18	4	Low N	8/16/17	Central City NE	121.3922699	-12.47	4.52	1.078274686	17.97170334	0.008237757
cousins_2017_field	2019-01-17T14:11:28.005801Z	CC0417LE9LSI081617	CC0417L_E9_17	E9	Energy	17	4	Low N	8/16/17	Central City NE	122.7032386	-12.28	2.21	0.983839474	18.61673587	0.008149744
cousins_2017_field	2019-01-17T14:11:28.005801Z	CC0411LS3LSI081617	CC0411L_S3_17	S3	Sweet	11	4	Low N	8/16/17	Central City NE	88.14406382	-12.44	2.36	0.826864635	15.3767283	0.011345063
cousins_2017_field	2019-01-17T14:11:28.005801Z	CC0405LS10LSI081617	CC0405L_S10_17	S10	Sweet	5	4	Low N	8/16/17	Central City NE	188.1035826	-13.1	2.47	0.895058679	16.28158179	0.00531622
cousins_2017_field	2019-01-17T14:11:28.005801Z	CC0404LE10LSI081617	CC0404L_E10_17	E10	Energy	4	4	Low N	8/16/17	Central City NE	108.5731415	-11.93	4.68	1.32887425	21.62346304	0.009210381
cousins_2017_field	2019-01-17T14:11:28.005801Z	CC0403LE17LSI081617	CC0403L_E17_17	E17	Energy	3	4	Low N	8/16/17	Central City NE	110.1728	-12.46	4.36	1.325009229	18.11309093	0.00907665
cousins_2017_field	2019-01-17T14:11:28.005801Z	CC0402LG1LSI081617	CC0402L_G1_17	G1	Grain	2	4	Low N	8/16/17	Central City NE	154.381161	-12.65	3.84	1.07677552	17.86787797	0.006477474
cousins_2017_field	2019-01-17T14:11:28.005801Z	CC0617FS6LSI081617	CC0617F_S6_17	S6	Sweet	17	6	Full N	8/16/17	Central City NE	105.9414226	-12.77	2.87	1.119955015	15.08522705	0.009439179
cousins_2017_field	2019-01-17T14:11:28.005801Z	CC0623FE18LSI081617	CC0623F_E18_17	E18	Energy	23	6	Full N	8/16/17	Central City NE	84.35441715	-12.6	2.2	1.477893549	19.53475723	0.011854744
cousins_2017_field	2019-01-17T14:11:28.005801Z	CC0620FE6LSI081617	CC0620F_E6_17	E6	Energy	20	6	Full N	8/16/17	Central City NE	80.5984977	-11.94	1.2	1.295081816	16.65410282	0.012407179
cousins_2017_field	2019-01-17T14:11:28.005801Z	CC0602FG1LSI081617	CC0602F_G1_17	G1	Grain	2	6	Full N	8/16/17	Central City NE	106.3944271	-12.89	1.45	1.402413489	17.96806253	0.009398989
cousins_2017_field	2019-01-17T14:11:28.005801Z	CC0603FS2LSI081617	CC0603F_S2_17	S2	Sweet	3	6	Full N	8/16/17	Central City NE	152.2887233	-12.86	0.99	1.059185974	14.20735464	0.006566474
cousins_2017_field	2019-01-17T14:11:28.005801Z	CC0604FE10LSI081617	CC0604F_E10_17	E10	Energy	4	6	Full N	8/16/17	Central City NE	114.9459306	-12.29	0.21	1.864234787	21.08463204	0.008699743
cousins_2017_field	2019-01-17T14:11:28.005801Z	CC0622FS4LSI081617	CC0622F_S4_17	S4	Sweet	22	6	Full N	8/16/17	Central City NE	116.1504767	-12.77	0.79	1.52222108	19.98603461	0.008609521
cousins_2017_field	2019-01-17T14:11:28.005801Z	CC0618FS3LSI081617	CC0618F_S3_17	S3	Sweet	18	6	Full N	8/16/17	Central City NE	94.81403212	-12.59	3.77	1.774841883	24.52161473	0.010546962
cousins_2017_field	2019-01-17T14:11:28.005801Z	CC0605FE17LSI081617	CC0605F_E17_17	E17	Energy	5	6	Full N	8/16/17	Central City NE	112.8970836	-12.22	3.46	1.725233219	21.39644059	0.008857625
cousins_2017_field	2019-01-17T14:11:28.005801Z	CC0601FG3LSI081617	CC0601F_G3_17	G3	Grain	1	6	Full N	8/16/17	Central City NE	116.1021505	-12.83	2.6	1.667409521	20.7874701	0.008613105
cousins_2017_field	2019-01-17T14:11:28.005801Z	SB0124WE4LSI082817	SB0124W_E4_17	E4	Energy	24	1	WW	8/28/17	Scottsbluff NE	79.07530238	-12.71	0.42	1.248	18.627	0.012646174
cousins_2017_field	2019-01-17T14:11:28.005801Z	SB0124DE4LSI082817	SB0124D_E4_17	E4	Energy	24	1	WS	8/28/17	Scottsbluff NE	94.66332665	-13.15	-1.09	1.056	14.206	0.010563753
cousins_2017_field	2019-01-17T14:11:28.005801Z	SB0122DS6LSI082817	SB0122D_S6_17	S6	Sweet	22	1	WS	8/28/17	Scottsbluff NE	94.08831481	-13.02	0.21	1.366	19.362	0.010628312
cousins_2017_field	2019-01-17T14:11:28.005801Z	SB0121DE15LSI082817	SB0121D_E15_17	E15	Energy	21	1	WS	8/28/17	Scottsbluff NE	107.5270889	-13.6	-1.46	1.083	18.941	0.009299982
cousins_2017_field	2019-01-17T14:11:28.005801Z	SB0120DE9LSI082817	SB0120D_E9_17	E9	Energy	20	1	WS	8/28/17	Scottsbluff NE	105.1736527	-13.3	-0.37	1.631	21.806	0.009508085
cousins_2017_field	2019-01-17T14:11:28.005801Z	SB0119DS4LSI082817	SB0119D_S4_17	S4	Sweet	19	1	WS	8/28/17	Scottsbluff NE	111.7627047	-13.25	-1.79	1.222	18.312	0.008947529
cousins_2017_field	2019-01-17T14:11:28.005801Z	SB0117DE3LSI082817	SB0117D_E3_17	E3	Energy	17	1	WS	8/28/17	Scottsbluff NE	78.73573967	-13.49	-0.02	1.234	17.841	0.012700713
cousins_2017_field	2019-01-17T14:11:28.005801Z	SB0115DE13LSI082817	SB0115D_E13_17	E13	Energy	15	1	WS	8/28/17	Scottsbluff NE	97.20499174	-12.93	-0.82	1.273	19.287	0.010287538
cousins_2017_field	2019-01-17T14:11:28.005801Z	SB0114DS5LSI082817	SB0114D_S5_17	S5	Sweet	14	1	WS	8/28/17	Scottsbluff NE	105.5062201	-13.13	0.94	1.263	18.738	0.009478114
cousins_2017_field	2019-01-17T14:11:28.005801Z	SB0113DS3LSI082817	SB0113D_S3_17	S3	Sweet	13	1	WS	8/28/17	Scottsbluff NE	97.45139625	-12.94	1.42	1.185	19.32	0.010261526
cousins_2017_field	2019-01-17T14:11:28.005801Z	SB0112DS8LSI082817	SB0112D_S8_17	S8	Sweet	12	1	WS	8/28/17	Scottsbluff NE	109.5700135	-13.1	-1.22	1.162	19.479	0.009126585
cousins_2017_field	2019-01-17T14:11:28.005801Z	SB0111DE11LSI082817	SB0111D_E11_17	E11	Energy	11	1	WS	8/28/17	Scottsbluff NE	81.50752587	-12.78	0.06	1.341	19.855	0.012268806
cousins_2017_field	2019-01-17T14:11:28.005801Z	SB0108DE1LSI082817	SB0108D_E1_17	E1	Energy	8	1	WS	8/28/17	Scottsbluff NE	109.7241796	-13.19	-1.68	1.352	19.181	0.009113761
cousins_2017_field	2019-01-17T14:11:28.005801Z	SB0107DE7LSI082817	SB0107D_E7_17	E7	Energy	7	1	WS	8/28/17	Scottsbluff NE	94.71402769	-13.12	-0.05	0.876	19.057	0.010558098
cousins_2017_field	2019-01-17T14:11:28.005801Z	SB0106DE6LSI082817	SB0106D_E6_17	E6	Energy	6	1	WS	8/28/17	Scottsbluff NE	85.8012487	-13.1	1.02	1.254	19.388	0.011654842
cousins_2017_field	2019-01-17T14:11:28.005801Z	SB0105DS10LSI082817	SB0105D_S10_17	S10	Sweet	5	1	WS	8/28/17	Scottsbluff NE	121.6639963	-13.65	-0.08	1.346	18.007	0.008219358
cousins_2017_field	2019-01-17T14:11:28.005801Z	SB0104DS2LSI082817	SB0104D_S2_17	S2	Sweet	4	1	WS	8/28/17	Scottsbluff NE	96.29216333	-13.41	1.04	0.745	17.588	0.010385061
cousins_2017_field	2019-01-17T14:11:28.005801Z	SB0103DE10LSI082817	SB0103D_E10_17	E10	Energy	3	1	WS	8/28/17	Scottsbluff NE	92.24680851	-13.02	-1.47	1.085	18.324	0.010840483
cousins_2017_field	2019-01-17T14:11:28.005801Z	SB0102DG3LSI082817	SB0102D_G3_17	G3	Grain	2	1	WS	8/28/17	Scottsbluff NE	109.3888889	-13.22	-0.09	1.224	17.267	0.009141696
cousins_2017_field	2019-01-17T14:11:28.005801Z	SB0122WS6LSI082817	SB0122W_S6_17	S6	Sweet	22	1	WW	8/28/17	Scottsbluff NE	117.7108434	-12.77	-0.04	1.139	18.517	0.008495394
cousins_2017_field	2019-01-17T14:11:28.005801Z	SB0121WE15LSI082817	SB0121W_E15_17	E15	Energy	21	1	WW	8/28/17	Scottsbluff NE	104.8520854	-13.01	0.92	1.259	18.694	0.009537245
cousins_2017_field	2019-01-17T14:11:28.005801Z	SB0120WE9LSI082817	SB0120W_E9_17	E9	Energy	20	1	WW	8/28/17	Scottsbluff NE	92.03662709	-12.87	-0.09	1.292	18.597	0.01086524
cousins_2017_field	2019-01-17T14:11:28.005801Z	SB0119WS4LSI082817	SB0119W_S4_17	S4	Sweet	19	1	WW	8/28/17	Scottsbluff NE	110.2641166	-12.62	-1.22	0.967	17.797	0.009069134
cousins_2017_field	2019-01-17T14:11:28.005801Z	SB0117WE3LSI082817	SB0117W_E3_17	E3	Energy	17	1	WW	8/28/17	Scottsbluff NE	74.48509199	-12.8	-2.13	1.332	19.549	0.013425505
cousins_2017_field	2019-01-17T14:11:28.005801Z	SB0115WE13LSI082817	SB0115W_E13_17	E13	Energy	15	1	WW	8/28/17	Scottsbluff NE	99.70043063	-12.98	-0.38	1.285	18.576	0.010030047
cousins_2017_field	2019-01-17T14:11:28.005801Z	SB0114WS5LSI082817	SB0114W_S5_17	S5	Sweet	14	1	WW	8/28/17	Scottsbluff NE	97.48921484	-12.98	0.64	1.16	17.774	0.010257545
cousins_2017_field	2019-01-17T14:11:28.005801Z	SB0113WS3LSI082817	SB0113W_S3_17	S3	Sweet	13	1	WW	8/28/17	Scottsbluff NE	86.74427629	-12.91	1.4	1.264	19.46	0.011528138
cousins_2017_field	2019-01-17T14:11:28.005801Z	SB0112WS8LSI082817	SB0112W_S8_17	S8	Sweet	12	1	WW	8/28/17	Scottsbluff NE	105.7405141	-12.91	-0.88	1.257	18.5	0.009457113
cousins_2017_field	2019-01-17T14:11:28.005801Z	SB0111WE11LSI082817	SB0111W_E11_17	E11	Energy	11	1	WW	8/28/17	Scottsbluff NE	66.41045959	-12.66	0.79	1.287	18.047	0.015057869
cousins_2017_field	2019-01-17T14:11:28.005801Z	SB0108WE1LSI082817	SB0108W_E1_17	E1	Energy	8	1	WW	8/28/17	Scottsbluff NE	97.58825274	-12.81	-2.48	1.157	17.002	0.010247135
cousins_2017_field	2019-01-17T14:11:28.005801Z	SB0107WE7LSI082817	SB0107W_E7_17	E7	Energy	7	1	WW	8/28/17	Scottsbluff NE	92.73814191	-12.76	2.08	1.004	19.615	0.01078305
cousins_2017_field	2019-01-17T14:11:28.005801Z	SB0106WE6LSI082817	SB0106W_E6_17	E6	Energy	6	1	WW	8/28/17	Scottsbluff NE	96.3119875	-13.09	1.78	1.368	18.101	0.010382924
cousins_2017_field	2019-01-17T14:11:28.005801Z	SB0105WS10LSI082817	SB0105W_S10_17	S10	Sweet	5	1	WW	8/28/17	Scottsbluff NE	131.3528257	-13.36	0.17	1.188	15.366	0.007613083
cousins_2017_field	2019-01-17T14:11:28.005801Z	SB0104WS2LSI082817	SB0104W_S2_17	S2	Sweet	4	1	WW	8/28/17	Scottsbluff NE	112.8993056	-13.21	-0.29	1.277	16.546	0.00885745
cousins_2017_field	2019-01-17T14:11:28.005801Z	SB0103WE10LSI082817	SB0103W_E10_17	E10	Energy	3	1	WW	8/28/17	Scottsbluff NE	94.73100838	-12.65	-1.24	1.465	19.643	0.010556206
cousins_2017_field	2019-01-17T14:11:28.005801Z	SB0102WG3LSI082817	SB0102W_G3_17	G3	Grain	2	1	WW	8/28/17	Scottsbluff NE	106.2694521	-13.43	1.22	1.754	19.525	0.009410042
cousins_2017_field	2019-01-17T14:11:28.005801Z	SB0224WE1LSI082817	SB0224W_E1_17	E1	Energy	24	2	WW	8/28/17	Scottsbluff NE	109.8194286	-12.72	1.4	1.549	23.751	0.009105857
cousins_2017_field	2019-01-17T14:11:28.005801Z	SB0222WE9LSI082817	SB0222W_E9_17	E9	Energy	22	2	WW	8/28/17	Scottsbluff NE	100.9521472	-13.01	-0.24	1.408	18.402	0.009905683
cousins_2017_field	2019-01-17T14:11:28.005801Z	SB0221WE3LSI082817	SB0221W_E3_17	E3	Energy	21	2	WW	8/28/17	Scottsbluff NE	77.87908821	-12.44	1.56	1.04	18.211	0.012840417
cousins_2017_field	2019-01-17T14:11:28.005801Z	SB0220WE7LSI082817	SB0220W_E7_17	E7	Energy	20	2	WW	8/28/17	Scottsbluff NE	101.5067852	-12.91	3.78	1.116	17.785	0.009851558
cousins_2017_field	2019-01-17T14:11:28.005801Z	SB0219WE13LSI082817	SB0219W_E13_17	E13	Energy	19	2	WW	8/28/17	Scottsbluff NE	83.24630858	-12.68	0.74	1.15	18.238	0.012012545
cousins_2017_field	2019-01-17T14:11:28.005801Z	SB0218WE15LSI082817	SB0218W_E15_17	E15	Energy	18	2	WW	8/28/17	Scottsbluff NE	98.44909136	-13.38	2.36	1.28	18.601	0.010157534
cousins_2017_field	2019-01-17T14:11:28.005801Z	SB0217WS6LSI082817	SB0217W_S6_17	S6	Sweet	17	2	WW	8/28/17	Scottsbluff NE	106.6959578	-12.66	1.17	1.3	18.005	0.009372426
cousins_2017_field	2019-01-17T14:11:28.005801Z	SB0214WE6LSI082817	SB0214W_E6_17	E6	Energy	14	2	WW	8/28/17	Scottsbluff NE	81.21572212	-13.18	1.64	1.433	18.936	0.012312887
cousins_2017_field	2019-01-17T14:11:28.005801Z	SB0213WS3LSI082817	SB0213W_S3_17	S3	Sweet	13	2	WW	8/28/17	Scottsbluff NE	98.39131398	-12.94	2.34	1.091	18.714	0.010163499
cousins_2017_field	2019-01-17T14:11:28.005801Z	SB0212WE4LSI082817	SB0212W_E4_17	E4	Energy	12	2	WW	8/28/17	Scottsbluff NE	73.10344828	-12.81	1.21	1.306	17.002	0.013679245
cousins_2017_field	2019-01-17T14:11:28.005801Z	SB0211WS8LSI082817	SB0211W_S8_17	S8	Sweet	11	2	WW	8/28/17	Scottsbluff NE	98.1852286	-12.75	0.86	1.247	18.237	0.010184831
cousins_2017_field	2019-01-17T14:11:28.005801Z	SB0210WS5LSI082817	SB0210W_S5_17	S5	Sweet	10	2	WW	8/28/17	Scottsbluff NE	90.80118694	-13.23	-0.45	0.951	14.671	0.011013072
cousins_2017_field	2019-01-17T14:11:28.005801Z	SB0208WS4LSI082817	SB0208W_S4_17	S4	Sweet	8	2	WW	8/28/17	Scottsbluff NE	83.76843123	-12.96	1.68	1.265	17.769	0.011937671
cousins_2017_field	2019-01-17T14:11:28.005801Z	SB0206WE11LSI082817	SB0206W_E11_17	E11	Energy	6	2	WW	8/28/17	Scottsbluff NE	75.76242424	-12.79	1.5	1.284	17.879	0.013199155
cousins_2017_field	2019-01-17T14:11:28.005801Z	SB0205WS2LSI082817	SB0205W_S2_17	S2	Sweet	5	2	WW	8/28/17	Scottsbluff NE	119.1605351	-12.67	0.88	1.077	17.022	0.00839204
cousins_2017_field	2019-01-17T14:11:28.005801Z	SB0204WE10LSI082817	SB0204W_E10_17	E10	Energy	4	2	WW	8/28/17	Scottsbluff NE	100.6310584	-13.16	0.75	1.532	19.187	0.00993729
cousins_2017_field	2019-01-17T14:11:28.005801Z	SB0203WS10LSI082817	SB0203W_S10_17	S10	Sweet	3	2	WW	8/28/17	Scottsbluff NE	128.7047536	-13.2	0.53	1.191	17.209	0.007769721
cousins_2017_field	2019-01-17T14:11:28.005801Z	SB0201WG3LSI082817	SB0201W_G3_17	G3	Grain	1	2	WW	8/28/17	Scottsbluff NE	115.9868254	-13.02	1.39	1.168	18.453	0.008621669
cousins_2017_field	2019-01-17T14:11:28.005801Z	SB0224DE1LSI082817	SB0224D_E1_17	E1	Energy	24	2	WS	8/28/17	Scottsbluff NE	110.7127058	-13.14	0.87	1.47	18.451	0.009032387
cousins_2017_field	2019-01-17T14:11:28.005801Z	SB0221DE3LSI082817	SB0221D_E3_17	E3	Energy	21	2	WS	8/28/17	Scottsbluff NE	85.03593786	-13.48	-0.73	0.8	12.221	0.011759734
cousins_2017_field	2019-01-17T14:11:28.005801Z	SB0222DE9LSI082817	SB0222D_E9_17	E9	Energy	22	2	WS	8/28/17	Scottsbluff NE	106.5247339	-12.82	0.12	1.442	23.132	0.009387491
cousins_2017_field	2019-01-17T14:11:28.005801Z	SB0219DE13LSI082817	SB0219D_E13_17	E13	Energy	19	2	WS	8/28/17	Scottsbluff NE	82.91991342	-13.18	-0.19	1.3	17.082	0.012059829
cousins_2017_field	2019-01-17T14:11:28.005801Z	SB0220DE7LSI082817	SB0220D_E7_17	E7	Energy	20	2	WS	8/28/17	Scottsbluff NE	92.14446108	-12.66	1.12	1.186	20.873	0.010852524
cousins_2017_field	2019-01-17T14:11:28.005801Z	SB0218DE15LSI082817	SB0218D_E15_17	E15	Energy	18	2	WS	8/28/17	Scottsbluff NE	116.8299021	-13.53	-0.44	1.158	18.947	0.008559453
cousins_2017_field	2019-01-17T14:11:28.005801Z	SB0217DS6LSI082817	SB0217D_S6_17	S6	Sweet	17	2	WS	8/28/17	Scottsbluff NE	106.3379205	-13.08	-0.48	1.303	18.855	0.009403983
cousins_2017_field	2019-01-17T14:11:28.005801Z	SB0214DE6LSI082817	SB0214D_E6_17	E6	Energy	14	2	WS	8/28/17	Scottsbluff NE	82.11484594	-12.68	-1.42	0.947	15.627	0.012178066
cousins_2017_field	2019-01-17T14:11:28.005801Z	SB0213DS3LSI082817	SB0213D_S3_17	S3	Sweet	13	2	WS	8/28/17	Scottsbluff NE	127.9591837	-13.37	1.16	1.394	20.707	0.007814992
cousins_2017_field	2019-01-17T14:11:28.005801Z	SB0212DE4LSI082817	SB0212D_E4_17	E4	Energy	12	2	WS	8/28/17	Scottsbluff NE	89.50973324	-12.81	0.11	0.959	16.828	0.011171969
cousins_2017_field	2019-01-17T14:11:28.005801Z	SB0211DS8LSI082817	SB0211D_S8_17	S8	Sweet	11	2	WS	8/28/17	Scottsbluff NE	116.9053759	-13.34	-0.62	1.181	18.733	0.008553927
cousins_2017_field	2019-01-17T14:11:28.005801Z	SB0210DS5LSI082817	SB0210D_S5_17	S5	Sweet	10	2	WS	8/28/17	Scottsbluff NE	100.0939159	-13.12	1.56	0.877	15.639	0.009990617
cousins_2017_field	2019-01-17T14:11:28.005801Z	SB0208DS4LSI082817	SB0208D_S4_17	S4	Sweet	8	2	WS	8/28/17	Scottsbluff NE	117.3592233	-13.65	0.71	1.044	16.345	0.008520847
cousins_2017_field	2019-01-17T14:11:28.005801Z	SB0206DE11LSI082817	SB0206D_E11_17	E11	Energy	6	2	WS	8/28/17	Scottsbluff NE	72.63519135	-12.93	0.01	1.106	18.021	0.013767431
cousins_2017_field	2019-01-17T14:11:28.005801Z	SB0205DS2LSI082817	SB0205D_S2_17	S2	Sweet	5	2	WS	8/28/17	Scottsbluff NE	106.6673432	-13.44	0.74	1.06	18.162	0.009374941
cousins_2017_field	2019-01-17T14:11:28.005801Z	SB0204DE10LSI082817	SB0204D_E10_17	E10	Energy	4	2	WS	8/28/17	Scottsbluff NE	107.6646586	-13.15	-0.74	1.382	19.194	0.009288099
cousins_2017_field	2019-01-17T14:11:28.005801Z	SB0203DS10LSI082817	SB0203D_S10_17	S10	Sweet	3	2	WS	8/28/17	Scottsbluff NE	118.2000829	-13.85	0.08	1.101	16.948	0.008460231
cousins_2017_field	2019-01-17T14:11:28.005801Z	SB0201DG3LSI082817	SB0201D_G3_17	G3	Grain	1	2	WS	8/28/17	Scottsbluff NE	126.8730422	-13.64	0.46	1.763	20.1	0.007881895
cousins_2017_field	2019-01-17T14:11:28.005801Z	SB0305DE4LSI082817	SB0305D_E4_17	E4	Energy	5	3	WS	8/28/17	Scottsbluff NE	108.3593141	-13.04	1.55	1.24	18.304	0.009228556
cousins_2017_field	2019-01-17T14:11:28.005801Z	SB0303DS6LSI082817	SB0303D_S6_17	S6	Sweet	3	3	WS	8/28/17	Scottsbluff NE	110.8312739	-13.6	1.01	1.252	18.981	0.009022724
cousins_2017_field	2019-01-17T14:11:28.005801Z	SB0302DE9LSI082817	SB0302D_E9_17	E9	Energy	2	3	WS	8/28/17	Scottsbluff NE	104.5896847	-12.82	0.11	1.276	19.746	0.009561172
cousins_2017_field	2019-01-17T14:11:28.005801Z	SB0323WG3LSI082817	SB0323W_G3_17	G3	Grain	23	3	WW	8/28/17	Scottsbluff NE	107.1407035	-13.37	1.9	1.688	19.654	0.009333521
cousins_2017_field	2019-01-17T14:11:28.005801Z	SB0315WS8LSI082817	SB0315W_S8_17	S8	Sweet	15	3	WW	8/28/17	Scottsbluff NE	102.1907278	-12.87	0.16	0.981	14.607	0.009785624
cousins_2017_field	2019-01-17T14:11:28.005801Z	SB0314WE3LSI082817	SB0314W_E3_17	E3	Energy	14	3	WW	8/28/17	Scottsbluff NE	118.5377358	-12.69	3.39	1.094	18.468	0.008436132
cousins_2017_field	2019-01-17T14:11:28.005801Z	SB0313WS5LSI082817	SB0313W_S5_17	S5	Sweet	13	3	WW	8/28/17	Scottsbluff NE	102.6784101	-13.36	2.78	1.241	18.447	0.009739146
cousins_2017_field	2019-01-17T14:11:28.005801Z	SB0319WE10LSI082817	SB0319W_E10_17	E10	Energy	19	3	WW	8/28/17	Scottsbluff NE	116.3268983	-13.29	1.24	1.236	17.158	0.008596464
cousins_2017_field	2019-01-17T14:11:28.005801Z	SB0318WE1LSI082817	SB0318W_E1_17	E1	Energy	18	3	WW	8/28/17	Scottsbluff NE	87.33460712	-12.63	0.01	1.283	18.789	0.011450215
cousins_2017_field	2019-01-17T14:11:28.005801Z	SB0316WS4LSI082817	SB0316W_S4_17	S4	Sweet	16	3	WW	8/28/17	Scottsbluff NE	96.38529259	-13.08	-0.69	1.383	19.381	0.010375027
cousins_2017_field	2019-01-17T14:11:28.005801Z	SB0322WS10LSI082817	SB0322W_S10_17	S10	Sweet	22	3	WW	8/28/17	Scottsbluff NE	124.2829932	-13.15	-0.35	1.516	18.055	0.008046153
cousins_2017_field	2019-01-17T14:11:28.005801Z	SB0321WS2LSI082817	SB0321W_S2_17	S2	Sweet	21	3	WW	8/28/17	Scottsbluff NE	96.15243343	-12.95	1.94	1.342	18.926	0.010400153
cousins_2017_field	2019-01-17T14:11:28.005801Z	SB0320WS3LSI082817	SB0320W_S3_17	S3	Sweet	20	3	WW	8/28/17	Scottsbluff NE	92.17442966	-13.61	2.6	1.219	17.525	0.010848996
cousins_2017_field	2019-01-17T14:11:28.005801Z	SB0312WE11LSI082817	SB0312W_E11_17	E11	Energy	12	3	WW	8/28/17	Scottsbluff NE	77.63002818	-12.89	0.42	1.472	19.317	0.012881613
cousins_2017_field	2019-01-17T14:11:28.005801Z	SB0311WE13LSI082817	SB0311W_E13_17	E13	Energy	11	3	WW	8/28/17	Scottsbluff NE	89.45428435	-13.1	0.13	1.261	18.159	0.011178894
cousins_2017_field	2019-01-17T14:11:28.005801Z	SB0310WE7LSI082817	SB0310W_E7_17	E7	Energy	10	3	WW	8/28/17	Scottsbluff NE	106.3200556	-12.94	1.08	1.258	20.015	0.009405563
cousins_2017_field	2019-01-17T14:11:28.005801Z	SB0309WE15LSI082817	SB0309W_E15_17	E15	Energy	9	3	WW	8/28/17	Scottsbluff NE	105.8940224	-13.45	1.95	0.983	15.505	0.009443404
cousins_2017_field	2019-01-17T14:11:28.005801Z	SB0308WE6LSI082817	SB0308W_E6_17	E6	Energy	8	3	WW	8/28/17	Scottsbluff NE	93.61862528	-12.89	0.27	1.617	22.095	0.010681635
cousins_2017_field	2019-01-17T14:11:28.005801Z	SB0308DE6LSI082817	SB0308D_E6_17	E6	Energy	8	3	WS	8/28/17	Scottsbluff NE	85.71293673	-13.44	1.49	1.338	18.646	0.01166685
cousins_2017_field	2019-01-17T14:11:28.005801Z	SB0305WE4LSI082817	SB0305W_E4_17	E4	Energy	5	3	WW	8/28/17	Scottsbluff NE	82.41157556	-13.06	1.95	1.3	18.412	0.012134218
cousins_2017_field	2019-01-17T14:11:28.005801Z	SB0303WS6LSI082817	SB0303W_S6_17	S6	Sweet	3	3	WW	8/28/17	Scottsbluff NE	128.9538462	-13.22	2.16	1.075	16.941	0.007754712
cousins_2017_field	2019-01-17T14:11:28.005801Z	SB0302WE9LSI082817	SB0302W_E9_17	E9	Energy	2	3	WW	8/28/17	Scottsbluff NE	113.7116819	-13.14	-0.19	1.244	17.253	0.008794171
cousins_2017_field	2019-01-17T14:11:28.005801Z	SB0323DG3LSI082817	SB0323D_G3_17	G3	Grain	23	3	WS	8/28/17	Scottsbluff NE	118.3602961	-13.4	0.9	1.299	16.684	0.008448779
cousins_2017_field	2019-01-17T14:11:28.005801Z	SB0322DS10LSI082817	SB0322D_S10_17	S10	Sweet	22	3	WS	8/28/17	Scottsbluff NE	104.3966868	-13.08	-0.38	1.356	17.211	0.009578848
cousins_2017_field	2019-01-17T14:11:28.005801Z	SB0321DS2LSI082817	SB0321D_S2_17	S2	Sweet	21	3	WS	8/28/17	Scottsbluff NE	101.7849989	-12.94	1.19	1.113	18.235	0.00982463
cousins_2017_field	2019-01-17T14:11:28.005801Z	SB0320DS3LSI082817	SB0320D_S3_17	S3	Sweet	20	3	WS	8/28/17	Scottsbluff NE	99.9801941	-13.43	2.42	1.359	20.127	0.010001981
cousins_2017_field	2019-01-17T14:11:28.005801Z	SB0319DE10LSI082817	SB0319D_E10_17	E10	Energy	19	3	WS	8/28/17	Scottsbluff NE	116.1725443	-13.33	1.91	1.189	19.819	0.008607886
cousins_2017_field	2019-01-17T14:11:28.005801Z	SB0318DE1LSI082817	SB0318D_E1_17	E1	Energy	18	3	WS	8/28/17	Scottsbluff NE	101.0866211	-12.26	-2.16	0.993	18.092	0.009892506
cousins_2017_field	2019-01-17T14:11:28.005801Z	SB0316DS4LSI082817	SB0316D_S4_17	S4	Sweet	16	3	WS	8/28/17	Scottsbluff NE	113.5616438	-13.38	0.15	1.03	17.646	0.00880579
cousins_2017_field	2019-01-17T14:11:28.005801Z	SB0315DS8LSI082817	SB0315D_S8_17	S8	Sweet	15	3	WS	8/28/17	Scottsbluff NE	117.5906798	-13.18	-0.28	1.144	18.561	0.008504075
cousins_2017_field	2019-01-17T14:11:28.005801Z	SB0314DE3LSI082817	SB0314D_E3_17	E3	Energy	14	3	WS	8/28/17	Scottsbluff NE	84.95308038	-13.76	2.18	1.214	18.201	0.011771204
cousins_2017_field	2019-01-17T14:11:28.005801Z	SB0313DS5LSI082817	SB0313D_S5_17	S5	Sweet	13	3	WS	8/28/17	Scottsbluff NE	95.20053222	-13.47	1.66	1.282	18.493	0.010504143
cousins_2017_field	2019-01-17T14:11:28.005801Z	SB0312DE11LSI082817	SB0312D_E11_17	E11	Energy	12	3	WS	8/28/17	Scottsbluff NE	75.12019231	-13.4	1.1	1.402	19.009	0.013312
cousins_2017_field	2019-01-17T14:11:28.005801Z	SB0311DE13LSI082817	SB0311D_E13_17	E13	Energy	11	3	WS	8/28/17	Scottsbluff NE	92.70226537	-13.59	0.36	1.264	18.576	0.010787223
cousins_2017_field	2019-01-17T14:11:28.005801Z	SB0310DE7LSI082817	SB0310D_E7_17	E7	Energy	10	3	WS	8/28/17	Scottsbluff NE	109.3859476	-13.52	0.68	1.128	17.782	0.009141942
cousins_2017_field	2019-01-17T14:11:28.005801Z	SB0309DE15LSI082817	SB0309D_E15_17	E15	Energy	9	3	WS	8/28/17	Scottsbluff NE	113.0365854	-13.87	2.8	1.071	18.022	0.008846693
cousins_2017_field	2019-01-17T14:11:28.005801Z	SB0424WE6LSI082817	SB0424W_E6_17	E6	Energy	24	4	WW	8/28/17	Scottsbluff NE	80.191052	-12.7	0.91	1.519	18.764	0.012470219
cousins_2017_field	2019-01-17T14:11:28.005801Z	SB0422WE13LSI082817	SB0422W_E13_17	E13	Energy	22	4	WW	8/28/17	Scottsbluff NE	92.24552881	-12.87	0.69	1.213	16.637	0.010840634
cousins_2017_field	2019-01-17T14:11:28.005801Z	SB0421WS5LSI082817	SB0421W_S5_17	S5	Sweet	21	4	WW	8/28/17	Scottsbluff NE	107.5929978	-12.9	1.22	1.492	22.384	0.009294285
cousins_2017_field	2019-01-17T14:11:28.005801Z	SB0420WS4LSI082817	SB0420W_S4_17	S4	Sweet	20	4	WW	8/28/17	Scottsbluff NE	117.2392788	-12.65	1.87	1.09	18.198	0.008529565
cousins_2017_field	2019-01-17T14:11:28.005801Z	SB0419WS8LSI082817	SB0419W_S8_17	S8	Sweet	19	4	WW	8/28/17	Scottsbluff NE	117.3984273	-12.93	-0.24	1.063	16.8	0.008518002
cousins_2017_field	2019-01-17T14:11:28.005801Z	SB0418WE15LSI082817	SB0418W_E15_17	E15	Energy	18	4	WW	8/28/17	Scottsbluff NE	100.9823373	-12.81	-0.52	1.267	19.582	0.009902722
cousins_2017_field	2019-01-17T14:11:28.005801Z	SB0417WE4LSI082817	SB0417W_E4_17	E4	Energy	17	4	WW	8/28/17	Scottsbluff NE	109.5653355	-12.78	0.01	1.01	16.422	0.009126974
cousins_2017_field	2019-01-17T14:11:28.005801Z	SB0416WS3LSI082817	SB0416W_S3_17	S3	Sweet	16	4	WW	8/28/17	Scottsbluff NE	97.18440839	-12.77	2.8	1.036	18.004	0.010289716
cousins_2017_field	2019-01-17T14:11:28.005801Z	SB0415WE1LSI082817	SB0415W_E1_17	E1	Energy	15	4	WW	8/28/17	Scottsbluff NE	95.43671608	-12.93	1.44	1.408	17.65	0.010478148
cousins_2017_field	2019-01-17T14:11:28.005801Z	SB0414WE3LSI082817	SB0414W_E3_17	E3	Energy	14	4	WW	8/28/17	Scottsbluff NE	95.59381898	-12.99	0.35	1.353	20.59	0.010460927
cousins_2017_field	2019-01-17T14:11:28.005801Z	SB0413WS6LSI082817	SB0413W_S6_17	S6	Sweet	13	4	WW	8/28/17	Scottsbluff NE	109.4441069	-12.35	0.35	1.184	20.482	0.009137084
cousins_2017_field	2019-01-17T14:11:28.005801Z	SB0411WE9LSI082817	SB0411W_E9_17	E9	Energy	11	4	WW	8/28/17	Scottsbluff NE	105.0127226	-13.07	-0.35	1.347	17.8	0.009522656
cousins_2017_field	2019-01-17T14:11:28.005801Z	SB0407WE7LSI082817	SB0407W_E7_17	E7	Energy	7	4	WW	8/28/17	Scottsbluff NE	112.3601533	-13.16	0.9	0.99	18.284	0.008899952
cousins_2017_field	2019-01-17T14:11:28.005801Z	SB0406WE11LSI082817	SB0406W_E11_17	E11	Energy	6	4	WW	8/28/17	Scottsbluff NE	112.1881838	-13.1	0.14	1.221	18.255	0.008913595
cousins_2017_field	2019-01-17T14:11:28.005801Z	SB0405WE10LSI082817	SB0405W_E10_17	E10	Energy	5	4	WW	8/28/17	Scottsbluff NE	135.8033452	-12.87	1.32	1.311	17.593	0.007363589
cousins_2017_field	2019-01-17T14:11:28.005801Z	SB0404WS10LSI082817	SB0404W_S10_17	S10	Sweet	4	4	WW	8/28/17	Scottsbluff NE	124.7598365	-13.3	-0.02	1.458	17.75	0.0080154
cousins_2017_field	2019-01-17T14:11:28.005801Z	SB0403WS2LSI082817	SB0403W_S2_17	S2	Sweet	3	4	WW	8/28/17	Scottsbluff NE	104.5055679	-12.78	0.29	0.845	12.038	0.009568868
cousins_2017_field	2019-01-17T14:11:28.005801Z	SB0401WG3LSI082817	SB0401W_G3_17	G3	Grain	1	4	WW	8/28/17	Scottsbluff NE	113.3487859	-12.93	0.67	1.792	24.886	0.008822327
cousins_2017_field	2019-01-17T14:11:28.005801Z	SB0424DE6LSI082817	SB0424D_E6_17	E6	Energy	24	4	WS	8/28/17	Scottsbluff NE	75.94487211	-12.24	0.18	1.34	19.974	0.013167446
cousins_2017_field	2019-01-17T14:11:28.005801Z	SB0421DS5LSI082817	SB0421D_S5_17	S5	Sweet	21	4	WS	8/28/17	Scottsbluff NE	106.5534591	-13.18	-0.7	1.301	18.223	0.00938496
cousins_2017_field	2019-01-17T14:11:28.005801Z	SB0422DE13LSI082817	SB0422D_E13_17	E13	Energy	22	4	WS	8/28/17	Scottsbluff NE	93.89312977	-13.27	0.27	1.041	16.886	0.010650407
cousins_2017_field	2019-01-17T14:11:28.005801Z	SB0420DS4LSI082817	SB0420D_S4_17	S4	Sweet	20	4	WS	8/28/17	Scottsbluff NE	99.01366926	-12.9	-0.8	1.502	19.779	0.010099616
cousins_2017_field	2019-01-17T14:11:28.005801Z	SB0419DS8LSI082817	SB0419D_S8_17	S8	Sweet	19	4	WS	8/28/17	Scottsbluff NE	113.6383162	-13.3	-1.05	1.069	17.892	0.008799849
cousins_2017_field	2019-01-17T14:11:28.005801Z	SB0418DE15LSI082817	SB0418D_E15_17	E15	Energy	18	4	WS	8/28/17	Scottsbluff NE	92.4235589	-12.99	-0.36	1.216	19.165	0.010819752
cousins_2017_field	2019-01-17T14:11:28.005801Z	SB0417DE4LSI082817	SB0417D_E4_17	E4	Energy	17	4	WS	8/28/17	Scottsbluff NE	78.57372162	-12.82	-0.45	1.331	18.493	0.012726901
cousins_2017_field	2019-01-17T14:11:28.005801Z	SB0416DS3LSI082817	SB0416D_S3_17	S3	Sweet	16	4	WS	8/28/17	Scottsbluff NE	108.0901056	-13.39	0.42	1.266	18.314	0.009251541
cousins_2017_field	2019-01-17T14:11:28.005801Z	SB0415DE1LSI082817	SB0415D_E1_17	E1	Energy	15	4	WS	8/28/17	Scottsbluff NE	93.68852459	-12.7	-0.97	1.335	19.983	0.010673666
cousins_2017_field	2019-01-17T14:11:28.005801Z	SB0414DE3LSI082817	SB0414D_E3_17	E3	Energy	14	4	WS	8/28/17	Scottsbluff NE	84.81256891	-13.36	1.9	1.45	20.098	0.011790705
cousins_2017_field	2019-01-17T14:11:28.005801Z	SB0413DS6LSI082817	SB0413D_S6_17	S6	Sweet	13	4	WS	8/28/17	Scottsbluff NE	121.227027	-13.25	-0.11	1.129	18.047	0.008248986
cousins_2017_field	2019-01-17T14:11:28.005801Z	SB0405DE10LSI082817	SB0405D_E10_17	E10	Energy	5	4	WS	8/28/17	Scottsbluff NE	82.45821548	-12.6	0.64	1.322	18.815	0.012127354
cousins_2017_field	2019-01-17T14:11:28.005801Z	SB0411DE9LSI082817	SB0411D_E9_17	E9	Energy	11	4	WS	8/28/17	Scottsbluff NE	117.6243094	-13.26	-0.17	1.375	20.166	0.008501644
cousins_2017_field	2019-01-17T14:11:28.005801Z	SB0407DE7LSI082817	SB0407D_E7_17	E7	Energy	7	4	WS	8/28/17	Scottsbluff NE	102.6426827	-13.57	2.11	1.322	19.929	0.009742536
cousins_2017_field	2019-01-17T14:11:28.005801Z	SB0406DE11LSI082817	SB0406D_E11_17	E11	Energy	6	4	WS	8/28/17	Scottsbluff NE	89.19415646	-13.06	-0.54	1.158	18.942	0.011211497
cousins_2017_field	2019-01-17T14:11:28.005801Z	SB0404DS10LSI082817	SB0404D_S10_17	S10	Sweet	4	4	WS	8/28/17	Scottsbluff NE	130.8123973	-13.75	0.23	1.288	17.288	0.007644535
cousins_2017_field	2019-01-17T14:11:28.005801Z	SB0403DS2LSI082817	SB0403D_S2_17	S2	Sweet	3	4	WS	8/28/17	Scottsbluff NE	123.5551586	-13.18	-0.24	1.065	17.618	0.008093551
cousins_2017_field	2019-01-17T14:11:28.005801Z	SB0401DG3LSI082817	SB0401D_G3_17	G3	Grain	1	4	WS	8/28/17	Scottsbluff NE	96.11839132	-13.58	2.87	1.488	18.947	0.010403836
cousins_2017_field	2019-01-17T14:11:28.005801Z	SB0402WG1LSI082817	SB0402W_G1_17	G1	Grain	2	4	WW	8/28/17	Scottsbluff NE	127.7086058	-12.91	1.65	1.033	16.288	0.007830326
cousins_2017_field	2019-01-17T14:11:28.005801Z	SB0301DE8LSI082817	SB0301D_E8_17	E8	Energy	1	3	WS	8/28/17	Scottsbluff NE	96.14851199	-13.3	0.29	1.478	23.238	0.010400577
cousins_2017_field	2019-01-17T14:11:28.005801Z	SB0306DE17LSI082817	SB0306D_E17_17	E17	Energy	6	3	WS	8/28/17	Scottsbluff NE	119.2070372	-13.2	-0.5	1.391	20.065	0.008388766
cousins_2017_field	2019-01-17T14:11:28.005801Z	SB0324DG1LSI082817	SB0324D_G1_17	G1	Grain	24	3	WS	8/28/17	Scottsbluff NE	114.0072289	-13.17	0.86	1.438	19.434	0.008771374
cousins_2017_field	2019-01-17T14:11:28.005801Z	SB0317DE14LSI082817	SB0317D_E14_17	E14	Energy	17	3	WS	8/28/17	Scottsbluff NE	98.89572061	-13.57	-0.12	1.332	19.619	0.010111661
cousins_2017_field	2019-01-17T14:11:28.005801Z	SB0307DE18LSI082817	SB0307D_E18_17	E18	Energy	7	3	WS	8/28/17	Scottsbluff NE	120.3770072	-13.72	2.01	1.346	20.713	0.008307234
cousins_2017_field	2019-01-17T14:11:28.005801Z	SB0304DE5LSI082817	SB0304D_E5_17	E5	Energy	4	3	WS	8/28/17	Scottsbluff NE	111.0114306	-13.4	-0.65	1.291	20.07	0.009008081
cousins_2017_field	2019-01-17T14:11:28.005801Z	SB0301WE8LSI082817	SB0301W_E8_17	E8	Energy	1	3	WW	8/28/17	Scottsbluff NE	110.2032308	-12.6	-0.37	1	18.05	0.009074144
cousins_2017_field	2019-01-17T14:11:28.005801Z	SB0304WE5LSI082817	SB0304W_E5_17	E5	Energy	4	3	WW	8/28/17	Scottsbluff NE	93.60492982	-13.3	-0.38	1.394	20.555	0.010683198
cousins_2017_field	2019-01-17T14:11:28.005801Z	SB0324WG1LSI082817	SB0324W_G1_17	G1	Grain	24	3	WW	8/28/17	Scottsbluff NE	100.2098436	-13.08	2.19	1.46	20.143	0.00997906
cousins_2017_field	2019-01-17T14:11:28.005801Z	SB0317WE14LSI082817	SB0317W_E14_17	E14	Energy	17	3	WW	8/28/17	Scottsbluff NE	113.549896	-13.25	-1.19	1.275	17.613	0.008806701
cousins_2017_field	2019-01-17T14:11:28.005801Z	SB0307WE18LSI082817	SB0307W_E18_17	E18	Energy	7	3	WW	8/28/17	Scottsbluff NE	98.23638902	-13.2	1.88	1.309	17.979	0.010179527
cousins_2017_field	2019-01-17T14:11:28.005801Z	SB0306WE17LSI082817	SB0306W_E17_17	E17	Energy	6	3	WW	8/28/17	Scottsbluff NE	107.3704293	-12.67	-1.21	1.348	19.929	0.009313551
cousins_2017_field	2019-01-17T14:11:28.005801Z	SB0523WG1LSI082817	SB0523W_G1_17	G1	Grain	23	5	WW	8/28/17	Scottsbluff NE	102.7553617	-13.15	1.82	1.389	19.605	0.009731852
cousins_2017_field	2019-01-17T14:11:28.005801Z	SB0516WE5LSI082817	SB0516W_E5_17	E5	Energy	16	5	WW	8/28/17	Scottsbluff NE	101.3091922	-13.46	1.15	1.208	17.716	0.009870773
cousins_2017_field	2019-01-17T14:11:28.005801Z	SB0512WE18LSI082817	SB0512W_E18_17	E18	Energy	12	5	WW	8/28/17	Scottsbluff NE	105.8765358	-12.85	0.04	1.176	19.082	0.009444963
cousins_2017_field	2019-01-17T14:11:28.005801Z	SB0511WE8LSI082817	SB0511W_E8_17	E8	Energy	11	5	WW	8/28/17	Scottsbluff NE	107.0611991	-12.98	1.76	1.568	19.369	0.009340452
cousins_2017_field	2019-01-17T14:11:28.005801Z	SB0503WE14LSI082817	SB0503W_E14_17	E14	Energy	3	5	WW	8/28/17	Scottsbluff NE	98.32329317	-12.85	0.6	1.311	18.529	0.01017053
cousins_2017_field	2019-01-17T14:11:28.005801Z	SB0501WE17LSI082817	SB0501W_E17_17	E17	Energy	1	5	WW	8/28/17	Scottsbluff NE	114.8976293	-12.95	-1.31	1.366	19.644	0.0087034
cousins_2017_field	2019-01-17T14:11:28.005801Z	SB0523DG1LSI082817	SB0523D_G1_17	G1	Grain	23	5	WS	8/28/17	Scottsbluff NE	121.4826176	-13.47	2.17	1.449	19.31	0.00823163
cousins_2017_field	2019-01-17T14:11:28.005801Z	SB0511DE8LSI082817	SB0511D_E8_17	E8	Energy	11	5	WS	8/28/17	Scottsbluff NE	123.0663507	-13.13	0.92	1.338	18.961	0.008125698
cousins_2017_field	2019-01-17T14:11:28.005801Z	SB0516DE5LSI082817	SB0516D_E5_17	E5	Energy	16	5	WS	8/28/17	Scottsbluff NE	120.1688389	-13.44	-1.34	1.188	17.693	0.008321625
cousins_2017_field	2019-01-17T14:11:28.005801Z	SB0512DE18LSI082817	SB0512D_E18_17	E18	Energy	12	5	WS	8/28/17	Scottsbluff NE	106.8698902	-13.52	0.43	1.402	21.173	0.009357173
cousins_2017_field	2019-01-17T14:11:28.005801Z	SB0503DE14LSI082817	SB0503D_E14_17	E14	Energy	3	5	WS	8/28/17	Scottsbluff NE	97.44680851	-13.66	-0.5	1.46	21.045	0.010262009
cousins_2017_field	2019-01-17T14:11:28.005801Z	SB0501DE17LSI082817	SB0501D_E17_17	E17	Energy	1	5	WS	8/28/17	Scottsbluff NE	126.8977841	-12.97	-0.1	1.435	22.105	0.007880358
cousins_2017_field	2019-01-17T14:11:28.005801Z	SB0408WE18LSI082817	SB0408W_E18_17	E18	Energy	8	4	WW	8/28/17	Scottsbluff NE	110.3291468	-12.79	-1.76	0.547	9.956	0.009063788
cousins_2017_field	2019-01-17T14:11:28.005801Z	SB0409WE14LSI082817	SB0409W_E14_17	E14	Energy	9	4	WW	8/28/17	Scottsbluff NE	99.25557239	-12.61	0.49	1.661	29.11	0.010075001
cousins_2017_field	2019-01-17T14:11:28.005801Z	SB0410WE8LSI082817	SB0410W_E8_17	E8	Energy	10	4	WW	8/28/17	Scottsbluff NE	90.25501362	-12.56	-0.91	1.373	19.609	0.011079717
cousins_2017_field	2019-01-17T14:11:28.005801Z	SB0412WE17LSI082817	SB0412W_E17_17	E17	Energy	12	4	WW	8/28/17	Scottsbluff NE	120.1282394	-12.71	-0.05	1.227	20.144	0.008324437
cousins_2017_field	2019-01-17T14:11:28.005801Z	SB0423WE5LSI082817	SB0423W_E5_17	E5	Energy	23	4	WW	8/28/17	Scottsbluff NE	86.00789314	-12.94	1.42	1.392	20.78	0.01162684
cousins_2017_field	2019-01-17T14:11:28.005801Z	SB0402DG1LSI082817	SB0402D_G1_17	G1	Grain	2	4	WS	8/28/17	Scottsbluff NE	99.68563345	-13.1	0.7	1.207	18.541	0.010031536
cousins_2017_field	2019-01-17T14:11:28.005801Z	SB0408DE18LSI082817	SB0408D_E18_17	E18	Energy	8	4	WS	8/28/17	Scottsbluff NE	104.0314835	-13.53	0.78	1.338	19.48	0.009612475
cousins_2017_field	2019-01-17T14:11:28.005801Z	SB0412DE17LSI082817	SB0412D_E17_17	E17	Energy	12	4	WS	8/28/17	Scottsbluff NE	108.671615	-13.55	0.83	1.301	20.471	0.009202035
cousins_2017_field	2019-01-17T14:11:28.005801Z	SB0423DE5LSI082817	SB0423D_E5_17	E5	Energy	23	4	WS	8/28/17	Scottsbluff NE	117.757118	-13.22	-0.75	1.369	19.674	0.008492056
cousins_2017_field	2019-01-17T14:11:28.005801Z	SB0409DE14LSI082817	SB0409D_E14_17	E14	Energy	9	4	WS	8/28/17	Scottsbluff NE	120.7615751	-13.23	0.18	1.204	20.477	0.00828078
cousins_2017_field	2019-01-17T14:11:28.005801Z	SB0410DE8LSI082817	SB0410D_E8_17	E8	Energy	10	4	WS	8/28/17	Scottsbluff NE	130.0380138	-13.27	-0.19	1.103	20.05	0.007690059
cousins_2017_field	2019-01-17T14:11:28.005801Z	SB0207DE18LSI082817	SB0207D_E18_17	E18	Energy	7	2	WS	8/28/17	Scottsbluff NE	111.7812286	-13.16	1.58	1.510948206	22.7546816	0.008946046
cousins_2017_field	2019-01-17T14:11:28.005801Z	SB0209DE5LSI082817	SB0209D_E5_17	E5	Energy	9	2	WS	8/28/17	Scottsbluff NE	113.4822145	-13.4	0.46	1.122126976	18.64429655	0.008811954
cousins_2017_field	2019-01-17T14:11:28.005801Z	SB0215DE8LSI082817	SB0215D_E8_17	E8	Energy	15	2	WS	8/28/17	Scottsbluff NE	115.6262887	-12.95	0.32	1.218210319	19.2186857	0.008648552
cousins_2017_field	2019-01-17T14:11:28.005801Z	SB0216DE14LSI082817	SB0216D_E14_17	E14	Energy	16	2	WS	8/28/17	Scottsbluff NE	90.223606	-13.32	0.47	1.261912563	18.9411748	0.011083574
cousins_2017_field	2019-01-17T14:11:28.005801Z	SB0223DE17LSI082817	SB0223D_E17_17	E17	Energy	23	2	WS	8/28/17	Scottsbluff NE	90.15700828	-12.5	-1.76	1.421319025	19.7557849	0.011091761
cousins_2017_field	2019-01-17T14:11:28.005801Z	SB0216WE14LSI082817	SB0216W_E14_17	E14	Energy	16	2	WW	8/28/17	Scottsbluff NE	96.14598126	-12.72	0.92	1.177976487	18.5917286	0.010400851
cousins_2017_field	2019-01-17T14:11:28.005801Z	SB0223WE17LSI082817	SB0223W_E17_17	E17	Energy	23	2	WW	8/28/17	Scottsbluff NE	124.7636475	-12.52	0.22	1.34885674	19.91768879	0.008015155
cousins_2017_field	2019-01-17T14:11:28.005801Z	SB0215WE8LSI082817	SB0215W_E8_17	E8	Energy	15	2	WW	8/28/17	Scottsbluff NE	87.26568006	-12.19	-0.79	1.098602487	18.66851298	0.011459259
cousins_2017_field	2019-01-17T14:11:28.005801Z	SB0202DG1LSI082817	SB0202D_G1_17	G1	Grain	2	2	WS	8/28/17	Scottsbluff NE	127.4044205	-13.33	1.65	1.273890297	17.70655818	0.007849021
cousins_2017_field	2019-01-17T14:11:28.005801Z	SB0209WE5LSI082817	SB0209W_E5_17	E5	Energy	9	2	WW	8/28/17	Scottsbluff NE	96.62962963	-13.09	0.59	1.420633993	20.57426682	0.010348793
cousins_2017_field	2019-01-17T14:11:28.005801Z	SB0202WG1LSI082817	SB0202W_G1_17	G1	Grain	2	2	WW	8/28/17	Scottsbluff NE	111.8188178	-12.69	1.07	1.28959924	18.13285027	0.008943039
cousins_2017_field	2019-01-17T14:11:28.005801Z	SB0207WE18LSI082817	SB0207W_E18_17	E18	Energy	7	2	WW	8/28/17	Scottsbluff NE	114.2483296	-12.78	1.29	1.374824	19.60878676	0.008752863
cousins_2017_field	2019-01-17T14:11:28.005801Z	SB0116DE14LSI082817	SB0116D_E14_17	E14	Energy	16	1	WS	8/28/17	Scottsbluff NE	102.2168059	-13.25	1.2	1.300501372	17.96394197	0.009783127
cousins_2017_field	2019-01-17T14:11:28.005801Z	SB0118DE18LSI082817	SB0118D_E18_17	E18	Energy	18	1	WS	8/28/17	Scottsbluff NE	89.06735751	-12.88	0.44	1.502996983	19.54711302	0.011227458
cousins_2017_field	2019-01-17T14:11:28.005801Z	SB0123DE5LSI082817	SB0123D_E5_17	E5	Energy	23	1	WS	8/28/17	Scottsbluff NE	110.4326329	-13.33	-1.5	1.085306395	16.06825493	0.009055294
cousins_2017_field	2019-01-17T14:11:28.005801Z	SB0101DG1LSI082817	SB0101D_G1_17	G1	Grain	1	1	WS	8/28/17	Scottsbluff NE	125.5123675	-12.78	1.23	1.299464116	19.49025004	0.007967342
cousins_2017_field	2019-01-17T14:11:28.005801Z	SB0109DE17LSI082817	SB0109D_E17_17	E17	Energy	9	1	WS	8/28/17	Scottsbluff NE	102.022402	-12.82	2.13	1.23461561	21.13855307	0.009801769
cousins_2017_field	2019-01-17T14:11:28.005801Z	SB0110DE8LSI082817	SB0110D_E8_17	E8	Energy	10	1	WS	8/28/17	Scottsbluff NE	123.7086331	-13.21	-0.16	1.219411023	18.82005578	0.00808351
cousins_2017_field	2019-01-17T14:11:28.005801Z	SB0116WE14LSI082817	SB0116W_E14_17	E14	Energy	16	1	WW	8/28/17	Scottsbluff NE	105.2375261	-13.01	0.33	0.993336938	16.02779229	0.009502314
cousins_2017_field	2019-01-17T14:11:28.005801Z	SB0118WE18LSI082817	SB0118W_E18_17	E18	Energy	18	1	WW	8/28/17	Scottsbluff NE	105.445705	-12.76	1.06	1.313757017	19.90061483	0.009483554
cousins_2017_field	2019-01-17T14:11:28.005801Z	SB0123WE5LSI082817	SB0123W_E5_17	E5	Energy	23	1	WW	8/28/17	Scottsbluff NE	97.71165644	-12.89	-0.37	1.320933434	20.00331975	0.010234194
cousins_2017_field	2019-01-17T14:11:28.005801Z	SB0101WG1LSI082817	SB0101W_G1_17	G1	Grain	1	1	WW	8/28/17	Scottsbluff NE	113.1616833	-12.85	1.12	1.290805042	18.73765874	0.008836913
cousins_2017_field	2019-01-17T14:11:28.005801Z	SB0109WE17LSI082817	SB0109W_E17_17	E17	Energy	9	1	WW	8/28/17	Scottsbluff NE	104.1751671	-12.15	-0.19	0.838981901	15.35972738	0.009599217
cousins_2017_field	2019-01-17T14:11:28.005801Z	SB0110WE8LSI082817	SB0110W_E8_17	E8	Energy	10	1	WW	8/28/17	Scottsbluff NE	113.0690738	-12.66	0.39	1.112356166	18.82462698	0.008844151
cousins_2017_field	2019-01-17T14:11:28.005801Z	SB0710DE14LSI082817	SB0710D_E14_17	E14	Energy	10	7	WS	8/28/17	Scottsbluff NE	116.7641005	-13.72	0.67	1.133912093	16.6519658	0.008564276
cousins_2017_field	2019-01-17T14:11:28.005801Z	SB0707DE5LSI082817	SB0707D_E5_17	E5	Energy	7	7	WS	8/28/17	Scottsbluff NE	91.10028293	-13.69	0.44	1.291154577	19.27329137	0.010976914
cousins_2017_field	2019-01-17T14:11:28.005801Z	SB0706DE18LSI082817	SB0706D_E18_17	E18	Energy	6	7	WS	8/28/17	Scottsbluff NE	111.4218677	-13.38	2.38	1.230920605	17.29864157	0.008974899
cousins_2017_field	2019-01-17T14:11:28.005801Z	SB0702DE17LSI082817	SB0702D_E17_17	E17	Energy	2	7	WS	8/28/17	Scottsbluff NE	118.4493607	-13.63	0.97	1.328464793	19.49701495	0.008442426
cousins_2017_field	2019-01-17T14:11:28.005801Z	SB0702WE17LSI082817	SB0702W_E17_17	E17	Energy	2	7	WW	8/28/17	Scottsbluff NE	109.4926603	-12.7	1.98	1.3666391	19.72764305	0.009133032
cousins_2017_field	2019-01-17T14:11:28.005801Z	SB0723DG1LSI082817	SB0723D_G1_17	G1	Grain	23	7	WS	8/28/17	Scottsbluff NE	108.1412855	-13.4	2.11	1.44656347	19.62002471	0.009247162
cousins_2017_field	2019-01-17T14:11:28.005801Z	SB0715DE8LSI082817	SB0715D_E8_17	E8	Energy	15	7	WS	8/28/17	Scottsbluff NE	134.477657	-13.2	1.36	1.156633873	18.30956573	0.00743618
cousins_2017_field	2019-01-17T14:11:28.005801Z	SB0710WE14LSI082817	SB0710W_E14_17	E14	Energy	10	7	WW	8/28/17	Scottsbluff NE	110.0723526	-13.29	0.14	1.314740368	18.82121098	0.009084933
cousins_2017_field	2019-01-17T14:11:28.005801Z	SB0707WE5LSI082817	SB0707W_E5_17	E5	Energy	7	7	WW	8/28/17	Scottsbluff NE	85.46638508	-12.8	0.16	1.224549873	19.27358542	0.011700507
cousins_2017_field	2019-01-17T14:11:28.005801Z	SB0706WE18LSI082817	SB0706W_E18_17	E18	Energy	6	7	WW	8/28/17	Scottsbluff NE	98.76829778	-12.72	0.84	1.367579144	19.82867636	0.010124706
cousins_2017_field	2019-01-17T14:11:28.005801Z	SB0723WG1LSI082817	SB0723W_G1_17	G1	Grain	23	7	WW	8/28/17	Scottsbluff NE	129.4431248	-13.21	2.11	1.28975994	17.90784152	0.007725401
cousins_2017_field	2019-01-17T14:11:28.005801Z	SB0715WE8LSI082817	SB0715W_E8_17	E8	Energy	15	7	WW	8/28/17	Scottsbluff NE	130.145892	-13.13	1.2	1.115678056	17.13290575	0.007683685
cousins_2017_field	2019-01-17T14:11:28.005801Z	SB0612WE14LSI082817	SB0612W_E14_17	E14	Energy	12	6	WW	8/28/17	Scottsbluff NE	87.85454545	-12.45	-1.01	1.390521142	21.66571207	0.01138245
cousins_2017_field	2019-01-17T14:11:28.005801Z	SB0601DE5LSI082817	SB0601D_E5_17	E5	Energy	1	6	WS	8/28/17	Scottsbluff NE	108.421213	-13.8	2.42	1.097428112	16.20638751	0.009223287
cousins_2017_field	2019-01-17T14:11:28.005801Z	SB0608DE17LSI082817	SB0608D_E17_17	E17	Energy	8	6	WS	8/28/17	Scottsbluff NE	124.6721929	-13.2	0.54	1.343186222	18.39881046	0.008021035
cousins_2017_field	2019-01-17T14:11:28.005801Z	SB0607DE18LSI082817	SB0607D_E18_17	E18	Energy	7	6	WS	8/28/17	Scottsbluff NE	132.0866914	-13.23	2.1	1.433323316	18.91101221	0.007570785
cousins_2017_field	2019-01-17T14:11:28.005801Z	SB0603DE8LSI082817	SB0603D_E8_17	E8	Energy	3	6	WS	8/28/17	Scottsbluff NE	99.04780956	-13	-0.34	1.160541441	18.14678912	0.010096134
cousins_2017_field	2019-01-17T14:11:28.005801Z	SB0623DG1LSI082817	SB0623D_G1_17	G1	Grain	23	6	WS	8/28/17	Scottsbluff NE	104.5941611	-13.1	1.92	1.284701821	18.161092	0.009560763
cousins_2017_field	2019-01-17T14:11:28.005801Z	SB0612DE14LSI082817	SB0612D_E14_17	E14	Energy	12	6	WS	8/28/17	Scottsbluff NE	106.9260204	-13.47	0.57	1.325169875	18.55077246	0.009352261
cousins_2017_field	2019-01-17T14:11:28.005801Z	SB0603WE8LSI082817	SB0603W_E8_17	E8	Energy	3	6	WW	8/28/17	Scottsbluff NE	99.55416955	-12.77	1.32	1.171628177	18.78848357	0.010044783
cousins_2017_field	2019-01-17T14:11:28.005801Z	SB0623WG1LSI082817	SB0623W_G1_17	G1	Grain	23	6	WW	8/28/17	Scottsbluff NE	123.6642972	-13.27	2.2	1.311112493	17.68654868	0.008086408
cousins_2017_field	2019-01-17T14:11:28.005801Z	SB0608WE17LSI082817	SB0608W_E17_17	E17	Energy	8	6	WW	8/28/17	Scottsbluff NE	125.5558129	-12.75	-0.56	1.176733073	18.69958306	0.007964585
cousins_2017_field	2019-01-17T14:11:28.005801Z	SB0607WE18LSI082817	SB0607W_E18_17	E18	Energy	7	6	WW	8/28/17	Scottsbluff NE	95.33787973	-12.53	-0.1	1.05867825	15.41196736	0.01048901
cousins_2017_field	2019-01-17T14:11:28.005801Z	SB0601WE5LSI082817	SB0601W_E5_17	E5	Energy	1	6	WW	8/28/17	Scottsbluff NE	129.1347099	-13.43	-0.35	0.955095288	14.14668166	0.007743851
cousins_2017_field	2019-01-17T14:11:28.005801Z	SB0810WE8LSI082817	SB0810W_E8_17	E8	Energy	10	8	WW	8/28/17	Scottsbluff NE	80.61844582	-12.6	-0.55	1.245419293	19.30922287	0.012404109
cousins_2017_field	2019-01-17T14:11:28.005801Z	SB0809WE5LSI082817	SB0809W_E5_17	E5	Energy	9	8	WW	8/28/17	Scottsbluff NE	110.7558303	-12.54	-0.94	1.345777054	19.34849432	0.00902887
cousins_2017_field	2019-01-17T14:11:28.005801Z	SB0808WE17LSI082817	SB0808W_E17_17	E17	Energy	8	8	WW	8/28/17	Scottsbluff NE	120.5278286	-12.79	-1.23	1.332856611	19.93178734	0.008296839
cousins_2017_field	2019-01-17T14:11:28.005801Z	SB0802WG1LSI082817	SB0802W_G1_17	G1	Grain	2	8	WW	8/28/17	Scottsbluff NE	122.0377358	-13.17	1.62	1.291418786	17.67592846	0.008194187
cousins_2017_field	2019-01-17T14:11:28.005801Z	SB0817DE18LSI082817	SB0817D_E18_17	E18	Energy	17	8	WS	8/28/17	Scottsbluff NE	86.56703424	-13.16	-2.04	1.186836903	17.38729319	0.011551741
cousins_2017_field	2019-01-17T14:11:28.005801Z	SB0821DE14LSI082817	SB0821D_E14_17	E14	Energy	21	8	WS	8/28/17	Scottsbluff NE	114.3353028	-13.18	-0.5	1.23714302	18.10264732	0.008746205
cousins_2017_field	2019-01-17T14:11:28.005801Z	SB0821WE14LSI082817	SB0821W_E14_17	E14	Energy	21	8	WW	8/28/17	Scottsbluff NE	118.8161838	-13.21	1.53	1.199998757	18.38607038	0.008416362
cousins_2017_field	2019-01-17T14:11:28.005801Z	SB0817WE18LSI082817	SB0817W_E18_17	E18	Energy	17	8	WW	8/28/17	Scottsbluff NE	108.1375053	-12.88	-0.01	1.166212939	15.98992079	0.009247485
cousins_2017_field	2019-01-17T14:11:28.005801Z	SB0809DE5LSI082817	SB0809D_E5_17	E5	Energy	9	8	WS	8/28/17	Scottsbluff NE	112.2473201	-13.61	-0.82	1.129609143	16.62252289	0.008908899
cousins_2017_field	2019-01-17T14:11:28.005801Z	SB0808DE17LSI082817	SB0808D_E17_17	E17	Energy	8	8	WS	8/28/17	Scottsbluff NE	111.2354831	-13.13	-1.58	1.347853171	19.38700555	0.008989937
cousins_2017_field	2019-01-17T14:11:28.005801Z	SB0802DG1LSI082817	SB0802D_G1_17	G1	Grain	2	8	WS	8/28/17	Scottsbluff NE	114.0453527	-13.17	1.3	1.263073829	17.58563727	0.008768441
cousins_2017_field	2019-01-17T14:11:28.005801Z	SB0810DE8LSI082817	SB0810D_E8_17	E8	Energy	10	8	WS	8/28/17	Scottsbluff NE	109.4624381	-13.18	0.2	1.333163119	21.16585403	0.009135554
